input_id,link,title,category,address,open_hours,popular_times,website,phone,plus_code,review_count,review_rating,reviews_per_rating,latitude,longitude,cid,status,descriptions,reviews_link,thumbnail,timezone,price_range,data_id,street_view_url,place_id,images,reservations,order_online,menu,owner,complete_address,credit_cards_accepted,about,user_reviews,user_reviews_extended,emails,public_price_maps,public_price_notes,price_compare,suggested_box_note,bulk_packaging_fit
b945ef6b-c6d2-4119-a439-c4e4180474d1,https://www.google.com/maps/place/Paperchoice/data=!4m7!3m6!1s0x14e73316f96d3b9f:0x291c0e035802cc78!8m2!3d34.679341!4d33.043524!16s%2Fg%2F11nmzv2dxc!19sChIJnztt-RYz5xQReMwCWAMOHCk?authuser=0&hl=en&g_ep=EgoyMDI2MDkxNi4wIJJjKgBIAVAD&rclk=1,Paperchoice,Packaging supply store,"Bragadinou 27, Limassol, Lemesos 3041, Cyprus","{""Friday"":[""9 AM–1 PM"",""3:30–6 PM""],""Monday"":[""9 AM–1 PM"",""3:30–6 PM""],""Saturday"":[""9:30 AM–1 PM""],""Sunday"":[""Closed""],""Thursday"":[""9 AM–1 PM"",""3:30–6 PM""],""Tuesday"":[""9 AM–1 PM"",""3:30–6 PM""],""Wednesday"":[""9 AM–1 PM""]}",{},http://www.paperchoice.com.cy/,+357 25 828938,"M2HV+PC Limassol, Cyprus",9,4.400000,"{""1"":0,""2"":0,""3"":2,""4"":1,""5"":6}",34.679341,33.043524,2962258062427212920,,,,https://lh3.googleusercontent.com/grass-cs/ACvplmMlRO9LLD9wRS0mV1zwkf14mhPjyWuFNKvVYkoKhn7BhAvu5I5qANryGvqeinABpcN-DnUBWR3IKP9h7RuG0Q-zW21llQTPXihY-lCucXmbL3CbfOPqFAzR_8rz2i_Ig_ia3yL7=w408-h306-k-no,Asia/Nicosia,,0x14e73316f96d3b9f:0x291c0e035802cc78,,ChIJnztt-RYz5xQReMwCWAMOHCk,[],null,null,"{""link"":"""",""source"":""""}","{""id"":""108554975741063478523"",""name"":""Paperchoice (Owner)"",""link"":""https://www.google.com/maps/contrib/108554975741063478523""}","{""borough"":""Katholiki"",""street"":""Bragadinou 27"",""city"":""Limassol"",""postal_code"":""3041"",""state"":""Limassol"",""country"":""CY""}",,null,"[{""Name"":""Savvas Baltzis"",""ProfilePicture"":""https://lh3.googleusercontent.com/a-/ALV-UjXGN_Plzn9Y7HPCDlq8aS7Wjzq_RGK2ScGTAcoMHI-gkQwabvXm=s120-c-rp-mo-ba12-br100"",""Rating"":3,""Description"":""The customer service could have been much more respectful and informative over the phone."",""Images"":null,""When"":""a year ago"",""review_id"":""ChdDSUhNMG9nS0VJQ0FnSURYNUxlQXJnRRAB"",""source"":""Google"",""rating_scale"":5,""rating_float"":3,""author_url"":""https://www.google.com/maps/contrib/102227141073560795436/reviews?hl=en"",""posted_at_unix_micros"":1729776185482243,""updated_at_unix_micros"":1729776185482243,""language"":""en"",""translated_lang"":"""",""text_original"":""The customer service could have been much more respectful and informative over the phone."",""text_translated"":"""",""published_at"":""2024-10-24T13:23:05.482243Z""},{""Name"":""leah Beeston"",""ProfilePicture"":""https://lh3.googleusercontent.com/a/ACg8ocLh5zEEBQ858ylBukKHGFHjbz2QQVJaYA0jJa-4CZifP4S6iQ=s120-c-rp-mo-br100"",""Rating"":5,""Description"":""Amazing and unique pieces.  Definitely recommend them."",""Images"":null,""When"":""a year ago"",""review_id"":""ChdDSUhNMG9nS0VJQ0FnTURBMlBieDhnRRAB"",""source"":""Google"",""rating_scale"":5,""rating_float"":5,""author_url"":""https://www.google.com/maps/contrib/118041249687057803578/reviews?hl=en"",""posted_at_unix_micros"":1738872691852844,""updated_at_unix_micros"":1738872862823858,""language"":""en"",""translated_lang"":"""",""text_original"":""Amazing and unique pieces.  Definitely recommend them."",""text_translated"":"""",""published_at"":""2025-02-06T20:11:31.852844Z""},{""Name"":""Andriana Chris"",""ProfilePicture"":""https://lh3.googleusercontent.com/a-/ALV-UjVWAQTstMZum1c7WFir3Onx0atQb6wedQMcCmHeq9FQxOZpLjY=s120-c-rp-mo-br100"",""Rating"":5,""Description"":""They are very helpful . The quality is excellent."",""Images"":null,""When"":""a year ago"",""review_id"":""ChdDSUhNMG9nS0VJQ0FnSUNmc19LNzlRRRAB"",""source"":""Google"",""rating_scale"":5,""rating_float"":5,""author_url"":""https://www.google.com/maps/contrib/111578621120959309310/reviews?hl=en"",""posted_at_unix_micros"":1735729450042219,""updated_at_unix_micros"":1735730075122529,""language"":""en"",""translated_lang"":"""",""text_original"":""They are very helpful . The quality is excellent."",""text_translated"":"""",""published_at"":""2025-01-01T11:04:10.042219Z""},{""Name"":""antri andreou"",""ProfilePicture"":""https://lh3.googleusercontent.com/a-/ALV-UjWQ6wyr6o5TAGetjs1Liu2Qat41b4VisnLzBf6ZjKloKIdxJ3X6=s120-c-rp-mo-br100"",""Rating"":5,""Description"":""Πολύ ωραία κομμάτια, μοναδικά δουλεμένα!! Ο κ.Κύπρος πολύ εξυπηρετικός και πρόθυμος ανά πάσα στιγμή να ανταποκριθεί!!\nΠολύ ευχαριστημένη με ότι έχω πάρει!!"",""Images"":null,""When"":""a year ago"",""review_id"":""ChZDSUhNMG9nS0VJQ0FnSUQzaktTTEhBEAE"",""source"":""Google"",""rating_scale"":5,""rating_float"":5,""author_url"":""https://www.google.com/maps/contrib/108123942464550848061/reviews?hl=en"",""posted_at_unix_micros"":1731438525233252,""updated_at_unix_micros"":1731438604889341,""language"":""el"",""translated_lang"":""en"",""text_original"":""Πολύ ωραία κομμάτια, μοναδικά δουλεμένα!! Ο κ.Κύπρος πολύ εξυπηρετικός και πρόθυμος ανά πάσα στιγμή να ανταποκριθεί!!\nΠολύ ευχαριστημένη με ότι έχω πάρει!!"",""text_translated"":""Very nice pieces, uniquely crafted!! Mr. Kypros very helpful and willing to respond at any time!!\nVery happy with what I have received!!"",""published_at"":""2024-11-12T19:08:45.233252Z""},{""Name"":""Маряна ІВАНЦІВ"",""ProfilePicture"":""https://lh3.googleusercontent.com/a-/ALV-UjWOkb8dxnpHGHpn_ZCtj5w4MVir0QjRbxS8fJ7EFQvEWHhgQu0rKA=s120-c-rp-mo-ba12-br100"",""Rating"":5,""Description"":""Дякую 😊"",""Images"":null,""When"":""8 months ago"",""review_id"":""Ci9DQUlRQUNvZENodHljRjlvT2poMmFHRlpOVFYxWDNSd1RUaHZTVXB4Y2xSNlZYYxAB"",""source"":""Google"",""rating_scale"":5,""rating_float"":5,""author_url"":""https://www.google.com/maps/contrib/116235576064369569344/reviews?hl=en"",""posted_at_unix_micros"":1768563717810890,""updated_at_unix_micros"":1768563717810890,""language"":""uk"",""translated_lang"":""en"",""text_original"":""Дякую 😊"",""text_translated"":""Thank you 😊"",""published_at"":""2026-01-16T11:41:57.81089Z""}]",null,,,,not disclosed,Target bag ~20×17×10 cm — ask for mailer/rigid box ~22×19×12 cm (or custom die-cut) with bulk MOQ.,high
b945ef6b-c6d2-4119-a439-c4e4180474d1,https://www.google.com/maps/place/Bake+%26+Pack+T.E.A.M+Ltd/data=!4m7!3m6!1s0x14e7333689482ad7:0x60cfa47183701c81!8m2!3d34.7053113!4d33.0653872!16s%2Fg%2F11j85vtx3v!19sChIJ1ypIiTYz5xQRgRxwg3Gkz2A?authuser=0&hl=en&g_ep=EgoyMDI2MDkxNi4wIJJjKgBIAVAD&rclk=1,Bake & Pack T.E.A.M Ltd,Packaging company,"Michael Pselou 5, Agios Athanasios, Lemesos 4101, Cyprus","{""Friday"":[""8 AM–3 PM""],""Monday"":[""8 AM–5 PM""],""Saturday"":[""Closed""],""Sunday"":[""Closed""],""Thursday"":[""8 AM–5 PM""],""Tuesday"":[""8 AM–5 PM""],""Wednesday"":[""8 AM–5 PM""]}",{},http://www.bakeandpack.com/,+357 25 752021,"P348+45 Agios Athanasios, Cyprus",8,5.000000,"{""1"":0,""2"":0,""3"":0,""4"":0,""5"":8}",34.705311,33.065387,6975975155263609985,,,,,Asia/Nicosia,,0x14e7333689482ad7:0x60cfa47183701c81,,ChIJ1ypIiTYz5xQRgRxwg3Gkz2A,[],null,null,"{""link"":"""",""source"":""""}","{""id"":""112301710871149419805"",""name"":""Bake \u0026 Pack T.E.A.M Ltd (Owner)"",""link"":""https://www.google.com/maps/contrib/112301710871149419805""}","{""borough"":""Άγιος Στυλιανός"",""street"":""Michael Pselou 5"",""city"":""Agios Athanasios"",""postal_code"":"""",""state"":""Limassol"",""country"":""CY""}",,null,"[{""Name"":""Евгений Топоров"",""ProfilePicture"":""https://lh3.googleusercontent.com/a/ACg8ocIlvm0rkrdsyyqVsCJBWPT7lg0bIUwyugf_shYa9_RU-P4nPA=s120-c-rp-mo-ba12-br100"",""Rating"":5,""Description"":""Nice place."",""Images"":null,""When"":""6 days ago"",""review_id"":""Ci9DQUlRQUNvZENodHljRjlvT210VFJrcEdaSEI0YkZoSmQyazNRMEY0TTBGbUxXYxAB"",""source"":""Google"",""rating_scale"":5,""rating_float"":5,""author_url"":""https://www.google.com/maps/contrib/113195253417582811792/reviews?hl=en"",""posted_at_unix_micros"":1789221850587056,""updated_at_unix_micros"":1789221850587056,""language"":""en"",""translated_lang"":"""",""text_original"":""Nice place."",""text_translated"":"""",""published_at"":""2026-09-12T14:04:10.587056Z""},{""Name"":""Кирилл Булах"",""ProfilePicture"":""https://lh3.googleusercontent.com/a/ACg8ocKmICghabUyiQd3Z6BKfcuhmVjKsjJqTBrYA5cAIUHY7St9w_Q=s120-c-rp-mo-br100"",""Rating"":5,""Description"":""Good service 🫶🏻"",""Images"":null,""When"":""a week ago"",""review_id"":""Ci9DQUlRQUNvZENodHljRjlvT25CcFZUQkVjRlpGUm1GelpreFFYelppUzBGeFNtYxAB"",""source"":""Google"",""rating_scale"":5,""rating_float"":5,""author_url"":""https://www.google.com/maps/contrib/109478388205962207404/reviews?hl=en"",""posted_at_unix_micros"":1788840513353135,""updated_at_unix_micros"":1788840513353135,""language"":""en"",""translated_lang"":"""",""text_original"":""Good service 🫶🏻"",""text_translated"":"""",""published_at"":""2026-09-08T04:08:33.353135Z""},{""Name"":""Evgenia Ioannou"",""ProfilePicture"":""https://lh3.googleusercontent.com/a-/ALV-UjX8nZMzuM4-no0cyHfFFK4TfEp0_hv2HH2_ndoW2rP7jd7wPez_XA=s120-c-rp-mo-ba12-br100"",""Rating"":5,""Description"":"""",""Images"":null,""When"":""5 years ago"",""review_id"":""ChZDSUhNMG9nS0VJQ0FnSURTcl9LaE9REAE"",""source"":""Google"",""rating_scale"":5,""rating_float"":5,""author_url"":""https://www.google.com/maps/contrib/100903186663410321484/reviews?hl=en"",""posted_at_unix_micros"":1610559647826272,""updated_at_unix_micros"":1610559647826272,""language"":"""",""translated_lang"":"""",""text_original"":"""",""text_translated"":"""",""published_at"":""2021-01-13T17:40:47.826272Z""},{""Name"":""SAVVAS CHRESTOFORIDES"",""ProfilePicture"":""https://lh3.googleusercontent.com/a/ACg8ocKUFa5UXx8Y2fy0wmrwOc620UzTtBI-hiD1dBcdOYxP6p1htA=s120-c-rp-mo-br100"",""Rating"":5,""Description"":"""",""Images"":null,""When"":""2 weeks ago"",""review_id"":""Ci9DQUlRQUNvZENodHljRjlvT21OblJIQTVkV1JYUzBkMGFEUnFWRlV0V1ZWcGJtYxAB"",""source"":""Google"",""rating_scale"":5,""rating_float"":5,""author_url"":""https://www.google.com/maps/contrib/117548693736785923667/reviews?hl=en"",""posted_at_unix_micros"":1788361094097608,""updated_at_unix_micros"":1788361094097608,""language"":"""",""translated_lang"":"""",""text_original"":"""",""text_translated"":"""",""published_at"":""2026-09-02T14:58:14.097608Z""},{""Name"":""Stelios Stylianou"",""ProfilePicture"":""https://lh3.googleusercontent.com/a-/ALV-UjWhvOS99I5wnrq3esML6iNpCydzK-qYf3DDn4LJl_-VnNt68MQp=s120-c-rp-mo-br100"",""Rating"":5,""Description"":"""",""Images"":null,""When"":""a month ago"",""review_id"":""Ci9DQUlRQUNvZENodHljRjlvT2xCc2VrVjRVaTFTWlZkdVZHVjJTa2hUTlRrd1NGRRAB"",""source"":""Google"",""rating_scale"":5,""rating_float"":5,""author_url"":""https://www.google.com/maps/contrib/116672593917144500891/reviews?hl=en"",""posted_at_unix_micros"":1786289303934961,""updated_at_unix_micros"":1786289303934961,""language"":"""",""translated_lang"":"""",""text_original"":"""",""text_translated"":"""",""published_at"":""2026-08-09T15:28:23.934961Z""}]",null,,,,not disclosed,Target bag ~20×17×10 cm — ask for mailer/rigid box ~22×19×12 cm (or custom die-cut) with bulk MOQ.,high
4af236e3-4913-4665-b9d8-efc6d3315e55,https://www.google.com/maps/place/Metron/data=!4m7!3m6!1s0x14e733775925644d:0xdd287116dac4757a!8m2!3d34.7219905!4d33.0291839!16s%2Fg%2F11hdy28w37!19sChIJTWQlWXcz5xQRenXE2hZxKN0?authuser=0&hl=en&g_ep=EgoyMDI2MDkxNi4wIJJjKgBIAVAD&rclk=1,Metron,Packaging supply store,"Mesa Geitonia, Lemesos 4008, Cyprus",{},{},http://metron.com.cy/index.php/en/contact-us,+357 99 624550,"P2CH+QM Mesa Geitonia, Cyprus",1,4.000000,"{""1"":0,""2"":0,""3"":0,""4"":1,""5"":0}",34.721990,33.029184,15936111624424027514,,,,https://lh3.googleusercontent.com/grass-cs/ACvplmOZz2Q2EfKnZRIQZfjSoyPNs4t2FD48Udu18iGUkMJ6cKDdo_8F1HcgZCntlQ7OK34F5tHth_VXcViGgFycAyK_QR9wkRc9UNHXRxSPooTReSa99RyBK38ndxmDAJqzk-tODdjyTQ=w408-h408-k-no,Asia/Nicosia,,0x14e733775925644d:0xdd287116dac4757a,,ChIJTWQlWXcz5xQRenXE2hZxKN0,[],null,null,"{""link"":"""",""source"":""""}","{""id"":""110751394174061512519"",""name"":""Metron (Owner)"",""link"":""https://www.google.com/maps/contrib/110751394174061512519""}","{""borough"":""Πάνθεα"",""street"":"""",""city"":""Mesa Geitonia"",""postal_code"":"""",""state"":""Limassol"",""country"":""CY""}",,null,"[{""Name"":""s. k."",""ProfilePicture"":""https://lh3.googleusercontent.com/a-/ALV-UjUNrIpc4aZcsCpK9wfWyXQKXmXIUaX2gIRB4Y2zEdyUFdIQEzY=s120-c-rp-mo-ba12-br100"",""Rating"":4,""Description"":"""",""Images"":null,""When"":""3 years ago"",""review_id"":""ChZDSUhNMG9nS0VJQ0FnSUNSMDU3LUN3EAE"",""source"":""Google"",""rating_scale"":5,""rating_float"":4,""author_url"":""https://www.google.com/maps/contrib/110845288817460160188/reviews?hl=en"",""posted_at_unix_micros"":1681100294693020,""updated_at_unix_micros"":1681100294693020,""language"":"""",""translated_lang"":"""",""text_original"":"""",""text_translated"":"""",""published_at"":""2023-04-10T04:18:14.69302Z""}]",null,,,,not disclosed,Target bag ~20×17×10 cm — ask for mailer/rigid box ~22×19×12 cm (or custom die-cut) with bulk MOQ.,high
4af236e3-4913-4665-b9d8-efc6d3315e55,https://www.google.com/maps/place/Hellenic+Packaging/data=!4m7!3m6!1s0x14e73381cfeef073:0xcda2efb7568d0123!8m2!3d34.6731722!4d33.0115958!16s%2Fg%2F11zb1yv5wg!19sChIJc_Duz4Ez5xQRIwGNVrfvos0?authuser=0&hl=en&g_ep=EgoyMDI2MDkxNi4wIJJjKgBIAVAD&rclk=1,Hellenic Packaging,Packaging company,"Omonoias 13, Limassol, Lemesos 3052, Cyprus","{""Friday"":[""8 AM–5 PM""],""Monday"":[""8 AM–5 PM""],""Saturday"":[""Closed""],""Sunday"":[""Closed""],""Thursday"":[""8 AM–5 PM""],""Tuesday"":[""8 AM–5 PM""],""Wednesday"":[""8 AM–5 PM""]}",{},https://www.hellenicpackaging.com/,+357 97 997920,"M2F6+7J Limassol, Cyprus",0,0.000000,"{""1"":0,""2"":0,""3"":0,""4"":0,""5"":0}",34.673172,33.011596,14817669294712488227,,,,https://lh3.googleusercontent.com/grass-cs/ACvplmOHecAjlKGiqCG4O6_HusTuAA9wrDk7E9nv2ezpraaUdo54bV-HTZXfHXWwAMmaWt5vyZgwOEAjq4YfG3XTLpxvNrUXQwAHkjATBmQtOJorEJ8bQ5WcGcCzES3KUoucQ9qVMjQ4m_6DtdM=w408-h544-k-no,Asia/Nicosia,,0x14e73381cfeef073:0xcda2efb7568d0123,,ChIJc_Duz4Ez5xQRIwGNVrfvos0,[],null,null,"{""link"":"""",""source"":""""}","{""id"":""109323673988548328514"",""name"":""Hellenic Packaging (Owner)"",""link"":""https://www.google.com/maps/contrib/109323673988548328514""}","{""borough"":""Omonia"",""street"":""Omonoias 13"",""city"":""Limassol"",""postal_code"":""3052"",""state"":""Limassol"",""country"":""CY""}",,null,[],null,,,,not disclosed,Target bag ~20×17×10 cm — ask for mailer/rigid box ~22×19×12 cm (or custom die-cut) with bulk MOQ.,high
4af236e3-4913-4665-b9d8-efc6d3315e55,https://www.google.com/maps/place/AD+Multipack/data=!4m7!3m6!1s0x14e73391fc44254d:0x1fd6da19b1d9574b!8m2!3d34.7371115!4d32.9438053!16s%2Fg%2F11r9f8l36y!19sChIJTSVE_JEz5xQRS1fZsRna1h8?authuser=0&hl=en&g_ep=EgoyMDI2MDkxNi4wIJJjKgBIAVAD&rclk=1,AD Multipack,Packaging company,"Iakovou Katsounotou 21, Ypsonas, Lemesos 4193, Cyprus","{""Friday"":[""8 AM–4 PM""],""Monday"":[""8 AM–4 PM""],""Saturday"":[""Closed""],""Sunday"":[""Closed""],""Thursday"":[""8 AM–4 PM""],""Tuesday"":[""8 AM–4 PM""],""Wednesday"":[""8 AM–4 PM""]}",{},http://admultipack.com/,+357 25 722732,"PWPV+RG Ypsonas, Cyprus",2,3.000000,"{""1"":1,""2"":0,""3"":0,""4"":0,""5"":1}",34.737111,32.943805,2294260864084694859,,,,https://lh3.googleusercontent.com/grass-cs/ACvplmMTRyMXoIuhiPwmCYUxLnE8g2aFnQzCwGZzIKYSn363fKW_uk1M_KzqauRNVSk_JSukbXz80r5rn6KNZZa-Dbyse6mzEKIZkkdeH-ynxx87jRb3yUgHruxug7AULeOTxwPQdFjbHw=w425-h240-k-no,Asia/Nicosia,,0x14e73391fc44254d:0x1fd6da19b1d9574b,,ChIJTSVE_JEz5xQRS1fZsRna1h8,[],null,null,"{""link"":"""",""source"":""""}","{""id"":""105556251739376959005"",""name"":""AD Multipack (Owner)"",""link"":""https://www.google.com/maps/contrib/105556251739376959005""}","{""borough"":"""",""street"":""Iakovou Katsounotou 21"",""city"":""Ypsonas"",""postal_code"":""4193"",""state"":""Limassol"",""country"":""CY""}",,null,"[{""Name"":""Viviane Freij"",""ProfilePicture"":""https://lh3.googleusercontent.com/a/ACg8ocIqO2CnnDvkU66BvdTYlH9cbklv6IKarMHqSR3hhE1CDMhK3Q=s120-c-rp-mo-ba12-br100"",""Rating"":1,""Description"":"""",""Images"":null,""When"":""a month ago"",""review_id"":""Ci9DQUlRQUNvZENodHljRjlvT2xRNU9VczFNWEV6VmpGT1dHZHFiWGxHV0ZkZlJHYxAB"",""source"":""Google"",""rating_scale"":5,""rating_float"":1,""author_url"":""https://www.google.com/maps/contrib/109660471778033156527/reviews?hl=en"",""posted_at_unix_micros"":1786812968923755,""updated_at_unix_micros"":1786812968923755,""language"":"""",""translated_lang"":"""",""text_original"":"""",""text_translated"":"""",""published_at"":""2026-08-15T16:56:08.923755Z""},{""Name"":""Diego Munzuelenge"",""ProfilePicture"":""https://lh3.googleusercontent.com/a/ACg8ocIZ9e3vUQGgIsN3UszwkK5pttroXxAihIAqokuE6EfburjdVp0O=s120-c-rp-mo-br100"",""Rating"":5,""Description"":"""",""Images"":null,""When"":""3 years ago"",""review_id"":""ChZDSUhNMG9nS0VJQ0FnSUNKdU82WExBEAE"",""source"":""Google"",""rating_scale"":5,""rating_float"":5,""author_url"":""https://www.google.com/maps/contrib/108271581410416714973/reviews?hl=en"",""posted_at_unix_micros"":1687272590296209,""updated_at_unix_micros"":1687272590296209,""language"":"""",""translated_lang"":"""",""text_original"":"""",""text_translated"":"""",""published_at"":""2023-06-20T14:49:50.296209Z""}]",null,,,,not disclosed,Target bag ~20×17×10 cm — ask for mailer/rigid box ~22×19×12 cm (or custom die-cut) with bulk MOQ.,high
4af236e3-4913-4665-b9d8-efc6d3315e55,https://www.google.com/maps/place/Ecopak+Ltd./data=!4m7!3m6!1s0x14e73126c9cb575f:0x8f11ec8899321bba!8m2!3d34.7252969!4d32.9479873!16s%2Fg%2F11f2wbpvpw!19sChIJX1fLySYx5xQRuhsymYjsEY8?authuser=0&hl=en&g_ep=EgoyMDI2MDkxNi4wIJJjKgBIAVAD&rclk=1,Ecopak Ltd.,Packaging company,"2 Iacovou Katsounotou, 3rd Industrial Area, Agios Sylas, Ypsonas 4193, Cyprus","{""Friday"":[""7:30 AM–4 PM""],""Monday"":[""7:30 AM–4 PM""],""Saturday"":[""Closed""],""Sunday"":[""Closed""],""Thursday"":[""7:30 AM–4 PM""],""Tuesday"":[""7:30 AM–4 PM""],""Wednesday"":[""7:30 AM–4 PM""]}",{},http://www.ecopakltd.com/,+357 25 568650,"PWGX+45 Ypsonas, Cyprus",2,3.000000,"{""1"":1,""2"":0,""3"":0,""4"":0,""5"":1}",34.725297,32.947987,10309281093457681338,,,,https://lh3.googleusercontent.com/grass-cs/ACvplmP0riu8R6ZGF66osVajWhcqcovxFuwSh62l7RNXqwpe69kbBB3u5DFQVhV_2f17-EuPUjS5UbDESJU4VRMg-re-RhI94Hw_mu_12EgOazHs2tVYqD5f0H74LonzCcx0GbTM_QJ0=w408-h308-k-no,Asia/Nicosia,,0x14e73126c9cb575f:0x8f11ec8899321bba,,ChIJX1fLySYx5xQRuhsymYjsEY8,[],null,null,"{""link"":"""",""source"":""""}","{""id"":"""",""name"":""Ecopak Ltd. (Owner)"",""link"":""""}","{""borough"":"""",""street"":""2 Iacovou Katsounotou, 3rd Industrial Area, Agios Sylas"",""city"":""Ypsonas"",""postal_code"":""4193"",""state"":""Limassol"",""country"":""CY""}",,null,"[{""Name"":""Akhtar Malik"",""ProfilePicture"":""https://lh3.googleusercontent.com/a/ACg8ocJjyURE631pQ8zLntBZCUnTWrHj_CC3mebnCQD8MQTwUU81bJlI=s120-c-rp-mo-ba12-br100"",""Rating"":1,""Description"":""Very pathetic Services , Very casual and careless with Customers, Failed to give delivery even after a month."",""Images"":null,""When"":""2 months ago"",""review_id"":""Ci9DQUlRQUNvZENodHljRjlvT2psU1FVcFdSMmxUYUZSM1pXdGpablp6YzNWNWJrRRAB"",""source"":""Google"",""rating_scale"":5,""rating_float"":1,""author_url"":""https://www.google.com/maps/contrib/116978289373788360850/reviews?hl=en"",""posted_at_unix_micros"":1782879463074876,""updated_at_unix_micros"":1782879463074876,""language"":""en"",""translated_lang"":"""",""text_original"":""Very pathetic Services , Very casual and careless with Customers, Failed to give delivery even after a month."",""text_translated"":"""",""published_at"":""2026-07-01T04:17:43.074876Z""},{""Name"":""Andreas Economides"",""ProfilePicture"":""https://lh3.googleusercontent.com/a-/ALV-UjWublVxhZya6ZKxHMqEd273qK5VaS1ytxGC2-SW-VBSOpaypBkP=s120-c-rp-mo-ba12-br100"",""Rating"":5,""Description"":"""",""Images"":null,""When"":""7 years ago"",""review_id"":""ChdDSUhNMG9nS0VJQ0FnSUNJMXNMbDRBRRAB"",""source"":""Google"",""rating_scale"":5,""rating_float"":5,""author_url"":""https://www.google.com/maps/contrib/100907081903717456764/reviews?hl=en"",""posted_at_unix_micros"":1542100271486439,""updated_at_unix_micros"":1542100271486439,""language"":"""",""translated_lang"":"""",""text_original"":"""",""text_translated"":"""",""published_at"":""2018-11-13T09:11:11.486439Z""}]",null,,,,not disclosed,Target bag ~20×17×10 cm — ask for mailer/rigid box ~22×19×12 cm (or custom die-cut) with bulk MOQ.,high
0410078f-a55d-4191-8786-71e4ad003dd7,https://www.google.com/maps/place/Sigma+Packaging+Products/data=!4m7!3m6!1s0x14e733e5a00bf317:0x9ece3fe31a3b5704!8m2!3d34.6733224!4d33.0238353!16s%2Fg%2F11nxpf992v!19sChIJF_MLoOUz5xQRBFc7GuM_zp4?authuser=0&hl=en&g_ep=EgoyMDI2MDkxNi4wIJJjKgBIAVAD&rclk=1,Sigma Packaging Products,Packaging company,"M2FF+8GG Sigma Packaging Products, Ioanni kai Aikaterinis Schiza, Limassol, Lemesos 3012, Cyprus","{""Friday"":[""8:30 AM–4 PM""],""Monday"":[""8:30 AM–4 PM""],""Saturday"":[""Closed""],""Sunday"":[""Closed""],""Thursday"":[""8:30 AM–4 PM""],""Tuesday"":[""8:30 AM–4 PM""],""Wednesday"":[""8:30 AM–4 PM""]}",{},https://m.facebook.com/SigmaPackagingProducts/?locale2=el_GR,+357 25 563478,,3,2.300000,"{""1"":2,""2"":0,""3"":0,""4"":0,""5"":1}",34.673322,33.023835,11443153947825231620,,,,https://streetviewpixels-pa.googleapis.com/v1/thumbnail?panoid=V3ZT0EIRtlpBzTE9B9SEVA&cb_client=search.gws-prod.grass&w=408&h=240&yaw=345.62436&pitch=0&thumbfov=100,Asia/Nicosia,,0x14e733e5a00bf317:0x9ece3fe31a3b5704,,ChIJF_MLoOUz5xQRBFc7GuM_zp4,[],null,null,"{""link"":"""",""source"":""""}","{""id"":"""",""name"":""Sigma Packaging Products (Owner)"",""link"":""""}","{""borough"":""Agios Ioannis"",""street"":""M2FF+8GG, Ioanni kai Aikaterinis Schiza"",""city"":""Limassol"",""postal_code"":""3012"",""state"":""Limassol"",""country"":""CY""}",,null,"[{""Name"":""צימר בנשר בשושו הרקפות"",""ProfilePicture"":""https://lh3.googleusercontent.com/a-/ALV-UjXI7z0cpLR-fphpEodKhiGJBPp3uSkKT1mTcDk8vzjGl12o174I=s120-c-rp-mo-ba12-br100"",""Rating"":1,""Description"":""Be careful\nDon't do it"",""Images"":null,""When"":""4 months ago"",""review_id"":""Ci9DQUlRQUNvZENodHljRjlvT2tad2VrcHBhMFI0Y2tabFVDMDJMVnBuYzNVelFYYxAB"",""source"":""Google"",""rating_scale"":5,""rating_float"":1,""author_url"":""https://www.google.com/maps/contrib/113549186035195371563/reviews?hl=en"",""posted_at_unix_micros"":1777799569556083,""updated_at_unix_micros"":1777799569556083,""language"":""en"",""translated_lang"":"""",""text_original"":""Be careful\nDon't do it"",""text_translated"":"""",""published_at"":""2026-05-03T09:12:49.556083Z""},{""Name"":""Deni Geor"",""ProfilePicture"":""https://lh3.googleusercontent.com/a-/ALV-UjWscnRpAcx1s6N4GzHDYUmAxmoVs_XY15e1HWViVqo832ozmt8N=s120-c-rp-mo-br100"",""Rating"":5,""Description"":"""",""Images"":null,""When"":""3 months ago"",""review_id"":""Ci9DQUlRQUNvZENodHljRjlvT200M2JYcFRaMUphWTFBeGFsOUtOVk5UUzNacFNIYxAB"",""source"":""Google"",""rating_scale"":5,""rating_float"":5,""author_url"":""https://www.google.com/maps/contrib/109600204062840619950/reviews?hl=en"",""posted_at_unix_micros"":1780561753339594,""updated_at_unix_micros"":1780561753339594,""language"":"""",""translated_lang"":"""",""text_original"":"""",""text_translated"":"""",""published_at"":""2026-06-04T08:29:13.339594Z""},{""Name"":""מאיה אלימלך"",""ProfilePicture"":""https://lh3.googleusercontent.com/a-/ALV-UjVP0V3__ia0myYm6VKg2oukJc46IlmMgqqxaFZnaJ0WU1eOmnpo=s120-c-rp-mo-br100"",""Rating"":1,""Description"":"""",""Images"":null,""When"":""4 months ago"",""review_id"":""Ci9DQUlRQUNvZENodHljRjlvT210eVlrRnhTbk5vWkhkdVUxUklURXd0VkUxRlgwRRAB"",""source"":""Google"",""rating_scale"":5,""rating_float"":1,""author_url"":""https://www.google.com/maps/contrib/107031133142952714542/reviews?hl=en"",""posted_at_unix_micros"":1777800374409164,""updated_at_unix_micros"":1777800374409164,""language"":"""",""translated_lang"":"""",""text_original"":"""",""text_translated"":"""",""published_at"":""2026-05-03T09:26:14.409164Z""}]",null,,,,not disclosed,Target bag ~20×17×10 cm — ask for mailer/rigid box ~22×19×12 cm (or custom die-cut) with bulk MOQ.,high
0410078f-a55d-4191-8786-71e4ad003dd7,https://www.google.com/maps/place/Dynamec/data=!4m7!3m6!1s0x14de17a7650bf2c3:0xac76a68e1bb964f3!8m2!3d35.1787658!4d33.3904041!16s%2Fg%2F11clz7jb7b!19sChIJw_ILZacX3hQR82S5G46mdqw?authuser=0&hl=en&g_ep=EgoyMDI2MDkxNi4wIJJjKgBIAVAD&rclk=1,Dynamec,Packaging supply store,"Kolokotroni 34A, Nicosia, Lefkosia 1037, Cyprus","{""Friday"":[""8 AM–2:30 PM""],""Monday"":[""8 AM–1 PM"",""1:40–5 PM""],""Saturday"":[""Closed""],""Sunday"":[""Closed""],""Thursday"":[""8 AM–1 PM"",""1:40–5 PM""],""Tuesday"":[""8 AM–1 PM"",""1:40–5 PM""],""Wednesday"":[""8 AM–1 PM"",""1:40–5 PM""]}",{},http://www.dynamec.com.cy/,+357 22 466050,59HR+G5 Nicosia,77,4.900000,"{""1"":2,""2"":0,""3"":1,""4"":1,""5"":73}",35.178766,33.390404,12427303351056164083,,,,https://lh3.googleusercontent.com/grass-cs/ACvplmPSKH_77o4fbctHhviFwKFWfwE23yUw9eVnyQON88yisjXkpw4Pab6FGd2Bo0rQwwVSW0LrBgG24mcVclY0aBanwwT--vJ4VoDA7liaB2F9n-SocMUhTcYQrSpcPx42MOD8u7-QZIoedLUy=w428-h240-k-no,Asia/Nicosia,,0x14de17a7650bf2c3:0xac76a68e1bb964f3,,ChIJw_ILZacX3hQR82S5G46mdqw,[],null,null,"{""link"":"""",""source"":""""}","{""id"":""113098442668479677899"",""name"":""Dynamec (Owner)"",""link"":""https://www.google.com/maps/contrib/113098442668479677899""}","{""borough"":""Kaimakli"",""street"":""Kolokotroni 34A"",""city"":""Nicosia"",""postal_code"":""1037"",""state"":""Nicosia"",""country"":""CY""}",,"[{""id"":""accessibility"",""name"":""Accessibility"",""options"":[{""name"":""Wheelchair accessible entrance"",""enabled"":true}]}]","[{""Name"":""Andreas Farmakalidis"",""ProfilePicture"":""https://lh3.googleusercontent.com/a-/ALV-UjWkfiqHwm91Us9fzAPRtZmd5tnGL9_rheQ-7VrTtkBT6S_10TJJ_w=s120-c-rp-mo-ba12-br100"",""Rating"":5,""Description"":""Best of the best. Great service. Great selection of products"",""Images"":null,""When"":""2 years ago"",""review_id"":""ChdDSUhNMG9nS0VJQ0FnSURUODZhRnNRRRAB"",""source"":""Google"",""rating_scale"":5,""rating_float"":5,""author_url"":""https://www.google.com/maps/contrib/114165975981648982431/reviews?hl=en"",""posted_at_unix_micros"":1716836135344784,""updated_at_unix_micros"":1716836177437308,""language"":""en"",""translated_lang"":"""",""text_original"":""Best of the best. Great service. Great selection of products"",""text_translated"":"""",""reply_text_original"":""Dear Andreas,\nThank you so much for your wonderful feedback! We are very pleased that you are having such a positive experience with our products and service. Our pledge is to continue offering products and service of the highest standards.\nKind regards,\nDynamec Team"",""reply_language"":""en"",""reply_posted_at_unix_micros"":1717072920000000,""reply_updated_at_unix_micros"":1717072920000000,""published_at"":""2024-05-27T18:55:35.344784Z""},{""Name"":""George Demetriou"",""ProfilePicture"":""https://lh3.googleusercontent.com/a/ACg8ocJJSTsMhviL60mzfkjq13vYsCmJuRwkcsAxupXOiJ-FFWaKIw=s120-c-rp-mo-ba12-br100"",""Rating"":5,""Description"":""We have been clients of Dynamec the past 2 years through Oasis Unspoken Gem in Latchi and with the Island Conference organised by Nexxie Group! Beside the bespoke solutions and the great range of products, what makes Dynamec stand out, is the excellent customer care and support and the extra mile the Management and Sales Staff is doing for their clients!"",""Images"":null,""When"":""2 years ago"",""review_id"":""ChdDSUhNMG9nS0VJQ0FnSUNydzkyZ3JBRRAB"",""source"":""Google"",""rating_scale"":5,""rating_float"":5,""author_url"":""https://www.google.com/maps/contrib/114555884624691340040/reviews?hl=en"",""posted_at_unix_micros"":1720637920058897,""updated_at_unix_micros"":1720637920058897,""language"":""en"",""translated_lang"":"""",""text_original"":""We have been clients of Dynamec the past 2 years through Oasis Unspoken Gem in Latchi and with the Island Conference organised by Nexxie Group! Beside the bespoke solutions and the great range of products, what makes Dynamec stand out, is the excellent customer care and support and the extra mile the Management and Sales Staff is doing for their clients!"",""text_translated"":"""",""reply_text_original"":""Dear George,\nThank you so much for sharing your experience and for your amazing feedback. These words really mean a lot to the entire Dynamec team and fuel us to keep doing what we are doing and keep raising the bar!\nWe look forward to continue offering ideal solutions to your exciting innovative projects.\nKind regards,\nDynamec Team"",""reply_language"":""en"",""reply_posted_at_unix_micros"":1720709268000000,""reply_updated_at_unix_micros"":1720709268000000,""published_at"":""2024-07-10T18:58:40.058897Z""},{""Name"":""Stavriana P."",""ProfilePicture"":""https://lh3.googleusercontent.com/a-/ALV-UjUcpNsE1GdJznWpaSVYEZT2Kq0oE4Eq3DzF8_T1J1DyQXE-pKrIIg=s120-c-rp-mo-ba12-br100"",""Rating"":5,""Description"":""excellent service, focus on details, on time delivery, very professionals.  highly recommended."",""Images"":null,""When"":""2 years ago"",""review_id"":""ChdDSUhNMG9nS0VJQ0FnSUNGaDlXcWpnRRAB"",""source"":""Google"",""rating_scale"":5,""rating_float"":5,""author_url"":""https://www.google.com/maps/contrib/106283806266846367047/reviews?hl=en"",""posted_at_unix_micros"":1699012386193322,""updated_at_unix_micros"":1699012386193322,""language"":""en"",""translated_lang"":"""",""text_original"":""excellent service, focus on details, on time delivery, very professionals.  highly recommended."",""text_translated"":"""",""reply_text_original"":""Dear Stavriana,\nThank you so much for your wonderful feedback! We are very pleased that you had such a positive experience with us.\nOur pledge is to continue offering a level of service and products of the highest standards.\nKind regards,\nDynamec Team"",""reply_language"":""en"",""reply_posted_at_unix_micros"":1699259987000000,""reply_updated_at_unix_micros"":1716466063000000,""published_at"":""2023-11-03T11:53:06.193322Z""},{""Name"":""Trish Messenger"",""ProfilePicture"":""https://lh3.googleusercontent.com/a-/ALV-UjV8fPBKoHfFGL5v-BAkrK2wRYJ7-JPio9Yt4UOSYrZ4OV26jzGk=s120-c-rp-mo-br100"",""Rating"":5,""Description"":""Fantastic service every time, highly recommended, also great quality goods"",""Images"":null,""When"":""7 years ago"",""review_id"":""ChdDSUhNMG9nS0VJQ0FnSURrN2JlNHBBRRAB"",""source"":""Google"",""rating_scale"":5,""rating_float"":5,""author_url"":""https://www.google.com/maps/contrib/113914282611875643586/reviews?hl=en"",""posted_at_unix_micros"":1562255465345435,""updated_at_unix_micros"":1562255465345435,""language"":""en"",""translated_lang"":"""",""text_original"":""Fantastic service every time, highly recommended, also great quality goods"",""text_translated"":"""",""published_at"":""2019-07-04T15:51:05.345435Z""},{""Name"":""Yiannis Apostolides"",""ProfilePicture"":""https://lh3.googleusercontent.com/a-/ALV-UjW3pMNmg0bSXvHrUme8_AKian1XmQ-VI86RuWLn5X_0KklgxTXa=s120-c-rp-mo-br100"",""Rating"":5,""Description"":""excellent quality and service, very helpful personnel, highly recommended!!"",""Images"":null,""When"":""4 years ago"",""review_id"":""ChZDSUhNMG9nS0VJQ0FnSUQyMzZYcGFnEAE"",""source"":""Google"",""rating_scale"":5,""rating_float"":5,""author_url"":""https://www.google.com/maps/contrib/111655729303618401651/reviews?hl=en"",""posted_at_unix_micros"":1653830910173011,""updated_at_unix_micros"":1653830910173011,""language"":""en"",""translated_lang"":"""",""text_original"":""excellent quality and service, very helpful personnel, highly recommended!!"",""text_translated"":"""",""published_at"":""2022-05-29T13:28:30.173011Z""}]",null,,,,not disclosed,Target bag ~20×17×10 cm — ask for mailer/rigid box ~22×19×12 cm (or custom die-cut) with bulk MOQ.,high
0410078f-a55d-4191-8786-71e4ad003dd7,https://www.google.com/maps/place/Dynamec+Central+Store/data=!4m7!3m6!1s0x14de19cf61a11d43:0xf8766f45470a0b96!8m2!3d35.1575046!4d33.3535786!16s%2Fg%2F11h03ggkqw!19sChIJQx2hYc8Z3hQRlgsKR0Vvdvg?authuser=0&hl=en&g_ep=EgoyMDI2MDkxNi4wIJJjKgBIAVAD&rclk=1,Dynamec Central Store,Packaging supply store,"Kyriakou Matsi 47, Nicosia, Lefkosia 1085, Cyprus","{""Friday"":[""9 AM–6 PM""],""Monday"":[""9 AM–6 PM""],""Saturday"":[""Closed""],""Sunday"":[""Closed""],""Thursday"":[""9 AM–6 PM""],""Tuesday"":[""9 AM–6 PM""],""Wednesday"":[""9 AM–1 PM""]}",{},http://www.dynamec.com.cy/,+357 22 318881,5953+2C Nicosia,21,5.000000,"{""1"":0,""2"":0,""3"":0,""4"":0,""5"":21}",35.157505,33.353579,17903619711993252758,,,,https://lh3.googleusercontent.com/grass-cs/ACvplmN27dOq9C8yS7VkDDrEVw_orRk1TmV3DANAh6rSqWb_oUeMI4TytPQDAd6Q1Mb30_mciYofmsFoOUK0P4pFdwt6IEdO068dcqcu1W-C-tSdwHmC9PAuXiDizeQFkeo9kA6mewA--w=w408-h544-k-no,Asia/Nicosia,,0x14de19cf61a11d43:0xf8766f45470a0b96,,ChIJQx2hYc8Z3hQRlgsKR0Vvdvg,[],null,null,"{""link"":"""",""source"":""""}","{""id"":""117753850150467428745"",""name"":""Dynamec Central Store (Owner)"",""link"":""https://www.google.com/maps/contrib/117753850150467428745""}","{""borough"":""Ayioi Omoloyites, Nicosia"",""street"":""Kyriakou Matsi 47"",""city"":""Nicosia"",""postal_code"":""1085"",""state"":""Nicosia"",""country"":""CY""}",,"[{""id"":""accessibility"",""name"":""Accessibility"",""options"":[{""name"":""Wheelchair accessible parking lot"",""enabled"":true}]}]","[{""Name"":""HyeJin Jang"",""ProfilePicture"":""https://lh3.googleusercontent.com/a/ACg8ocJ3pFDHMHJ54iNYfcjxBGXxNiHq4Hki4qnNAolVpc6hv9SYrA=s120-c-rp-mo-ba12-br100"",""Rating"":5,""Description"":""If you are looking to elevate your products' final look, this is the place. You will find a variety of take-away goods here(from one-usage to eco-friendly) ! I bought these transparent boxes for my lemon tarts😚"",""Images"":[""https://lh3.googleusercontent.com/grass-cs/ACvplmMB-s41n_lRCstcbAfRjKQ9bikLV-aKgS75XuJ3tU8UiU-qL4C4FsBJHMhwrWfMJsg5UOV0kVg9NKMdYXnEnISqEa2NU0OFikuuwWv8CPu-z6oJmfewX5jvqSwEcRKuQMT-wuhupA=k-no"",""https://lh3.googleusercontent.com/grass-cs/ACvplmN8QfPwMcdHPTkAvbtzJXRhALBtiISqHWdF0t-DoZ38R4xJcraXdyz0DGtGlsdiBoIgINftnI7bCELqAuN2HKJWJLSuSIF1w3OqSx8HrNhIwNUlKINXBACLZh1JiFTwQR3avj7s=k-no"",""https://lh3.googleusercontent.com/grass-cs/ACvplmPQxjW4INXH_yv9oAM1Q70g55Tbfj62OJVnEtD-RRljeo4RZGfA1lKirMFgsl4sEjqacsvlulGhoQr2qckwRU4jwF17yiHrwQy9fD1A_i4_wGwkzBPcpDmu9kcAjUB2ZTRsFRqj=k-no"",""https://lh3.googleusercontent.com/grass-cs/ACvplmN4rct27BKrzaXURKQv8k1iDTqmWEKlW4FOzGv0P-fNWBlm8foVik1p1e4PMJyX6zdKyANa-I_yg6rSVtYQe-blFW0A0mpi6QkPRldT-q5anstfsN5ZPfW7qm9MJxpJ20rbyMtA=k-no""],""When"":""3 years ago"",""review_id"":""ChdDSUhNMG9nS0VJQ0FnSUNwbzViOF9BRRAB"",""source"":""Google"",""rating_scale"":5,""rating_float"":5,""author_url"":""https://www.google.com/maps/contrib/101291123993578006261/reviews?hl=en"",""posted_at_unix_micros"":1691587455129182,""updated_at_unix_micros"":1691587483858489,""language"":""en"",""translated_lang"":"""",""text_original"":""If you are looking to elevate your products' final look, this is the place. You will find a variety of take-away goods here(from one-usage to eco-friendly) ! I bought these transparent boxes for my lemon tarts😚"",""text_translated"":"""",""reply_text_original"":""Dear HyeJin Jang,\nWe are so grateful you took the time to leave such wonderful feedback! We are very pleased you enjoyed our shop and product experience!\nBest regards,\nDynamec Team"",""reply_language"":""en"",""reply_posted_at_unix_micros"":1691652475000000,""reply_updated_at_unix_micros"":1691652475000000,""published_at"":""2023-08-09T13:24:15.129182Z""},{""Name"":""DİDEM Gürsoy-Savim"",""ProfilePicture"":""https://lh3.googleusercontent.com/a-/ALV-UjXw-1PYynr7VN5SshiiLfH3J5YVegEYtIrRar7QHXxQAuXIJi8=s120-c-rp-mo-ba12-br100"",""Rating"":5,""Description"":""Very helpful  saleswoman. I didn't get her name, thank you, see you soon."",""Images"":null,""When"":""2 years ago"",""review_id"":""ChZDSUhNMG9nS0VJQ0FnSUM5M2FEa2NBEAE"",""source"":""Google"",""rating_scale"":5,""rating_float"":5,""author_url"":""https://www.google.com/maps/contrib/109778339188604137925/reviews?hl=en"",""posted_at_unix_micros"":1709912972549863,""updated_at_unix_micros"":1709913605329723,""language"":""en"",""translated_lang"":"""",""text_original"":""Very helpful  saleswoman. I didn't get her name, thank you, see you soon."",""text_translated"":"""",""reply_text_original"":""Dear dido cy,\nThank you so much for taking the time to leave your feedback and for uploading photos of our shop. We are pleased that the level of service and experience you had was so positive. This means a lot!\nBest regards,\nDynamec Team"",""reply_language"":""en"",""reply_posted_at_unix_micros"":1710234054000000,""reply_updated_at_unix_micros"":1710234054000000,""published_at"":""2024-03-08T15:49:32.549863Z""},{""Name"":""kyriakos panagiotou"",""ProfilePicture"":""https://lh3.googleusercontent.com/a/ACg8ocKDvSgovXObbx4wLeIB6dMlymGpA8YYDF3dsl6Do1JWFqFqoQ=s120-c-rp-mo-br100"",""Rating"":5,""Description"":"""",""Images"":null,""When"":""8 months ago"",""review_id"":""Ci9DQUlRQUNvZENodHljRjlvT2xGck5WUlRSbm8yV0c5VFowaGpjVkZ2VVZObFdrRRAB"",""source"":""Google"",""rating_scale"":5,""rating_float"":5,""author_url"":""https://www.google.com/maps/contrib/114910497358628012437/reviews?hl=en"",""posted_at_unix_micros"":1767939079285496,""updated_at_unix_micros"":1767939079285496,""language"":"""",""translated_lang"":"""",""text_original"":"""",""text_translated"":"""",""published_at"":""2026-01-09T06:11:19.285496Z""},{""Name"":""Antrianos Constantinides"",""ProfilePicture"":""https://lh3.googleusercontent.com/a/ACg8ocJ3_1LP2IUzREc8V2wtueyHUPp45dgESxiA-6hOLVuwba5pRg=s120-c-rp-mo-br100"",""Rating"":5,""Description"":"""",""Images"":null,""When"":""8 months ago"",""review_id"":""Ci9DQUlRQUNvZENodHljRjlvT21oQ1ZXVlpSRlJxU0dRNVRWVkRNMVZ4VjAxWlNGRRAB"",""source"":""Google"",""rating_scale"":5,""rating_float"":5,""author_url"":""https://www.google.com/maps/contrib/115350422056524055867/reviews?hl=en"",""posted_at_unix_micros"":1767603427686124,""updated_at_unix_micros"":1767603427686124,""language"":"""",""translated_lang"":"""",""text_original"":"""",""text_translated"":"""",""published_at"":""2026-01-05T08:57:07.686124Z""},{""Name"":""Christodoulos Ellinas"",""ProfilePicture"":""https://lh3.googleusercontent.com/a-/ALV-UjV9yy5HTDmXRMOdlLvVzMPHZsJXzDZHah8eFEV4YnUdP4AU_-am=s120-c-rp-mo-br100"",""Rating"":5,""Description"":"""",""Images"":null,""When"":""8 months ago"",""review_id"":""Ci9DQUlRQUNvZENodHljRjlvT21Wc01FWmhOV3hwVFRsRUxXcHlMVEV4U1ZSaFpFRRAB"",""source"":""Google"",""rating_scale"":5,""rating_float"":5,""author_url"":""https://www.google.com/maps/contrib/108682202634145766273/reviews?hl=en"",""posted_at_unix_micros"":1767351746563032,""updated_at_unix_micros"":1767351746563032,""language"":"""",""translated_lang"":"""",""text_original"":"""",""text_translated"":"""",""published_at"":""2026-01-02T11:02:26.563032Z""}]",null,,,,not disclosed,Target bag ~20×17×10 cm — ask for mailer/rigid box ~22×19×12 cm (or custom die-cut) with bulk MOQ.,high
0410078f-a55d-4191-8786-71e4ad003dd7,https://www.google.com/maps/place/K.S.+COUPPAS+LTD/data=!4m7!3m6!1s0x14de1736f151d8d5:0x9fbaf33d0c9b118a!8m2!3d35.1721145!4d33.3639015!16s%2Fg%2F11fghhw1tr!19sChIJ1dhR8TYX3hQRihGbDD3zup8?authuser=0&hl=en&g_ep=EgoyMDI2MDkxNi4wIJJjKgBIAVAD&rclk=1,K.S. COUPPAS LTD,Packaging supply store,"Aristofanous 4, Nicosia, Lefkosia 1015, Cyprus","{""Friday"":[""8:30 AM–5:30 PM""],""Monday"":[""8:30 AM–5:30 PM""],""Saturday"":[""9 AM–1 PM""],""Sunday"":[""Closed""],""Thursday"":[""8:30 AM–5:30 PM""],""Tuesday"":[""8:30 AM–5:30 PM""],""Wednesday"":[""8:30 AM–2 PM""]}",{},http://www.couppas.com/,+357 22 764847,59C7+RH Nicosia,44,4.800000,"{""1"":1,""2"":0,""3"":1,""4"":2,""5"":40}",35.172114,33.363901,11509779241228767626,,,,https://lh3.googleusercontent.com/grass-cs/ACvplmPzYU06XHamnXP1MOxV4h1XHNTAWKeoLy0b0fUqDV27QKthGEg6sC6zg5RkI_3iQ45OasqsPnYBa9DlHpKLHFiOPMVugMNilA7sAAo8emO__QY6WdeTIedNUdwp9qSbDqN1v5Ghng=w408-h359-k-no,Asia/Nicosia,,0x14de1736f151d8d5:0x9fbaf33d0c9b118a,,ChIJ1dhR8TYX3hQRihGbDD3zup8,[],null,null,"{""link"":"""",""source"":""""}","{""id"":""115077797777731824914"",""name"":""K.S. COUPPAS LTD (Owner)"",""link"":""https://www.google.com/maps/contrib/115077797777731824914""}","{""borough"":""Άγιος Σάββας"",""street"":""Aristofanous 4"",""city"":""Nicosia"",""postal_code"":""1015"",""state"":""Nicosia"",""country"":""CY""}",,null,"[{""Name"":""Spike"",""ProfilePicture"":""https://lh3.googleusercontent.com/a-/ALV-UjXxK9UDuSn064pOz9nre56uA2GzbL5AGg9ovE8slwrfQ7OGgEC9=s120-c-rp-mo-br100"",""Rating"":5,""Description"":""We recently worked with COUPPAS LTD for a range of retail bags, including standard printed bags and luxury bag options, and we were impressed with both the quality and the service.\n\nThe original estimated delivery time was 2–3 weeks, but COUPPAS LTD completed and delivered the entire order in less than a week without compromising on quality. The bags were produced to a very high standard, with excellent printing, durable materials, and a professional finish across all product ranges.\n\nWhat stood out most was the speed, efficiency, and communication throughout the process. The team was responsive, helpful, and ensured everything was handled smoothly from start to finish.\n\nIf you’re a company looking for a supplier that combines outstanding product quality with exceptional turnaround times and reliable customer service, we would highly recommend COUPPAS LTD. Their ability to exceed expectations on both delivery and quality makes them a trusted partner for retail packaging needs."",""Images"":[""https://lh3.googleusercontent.com/grass-cs/ACvplmN4l1czaKwlK8lK1-mGbGQ4NBP-8pvklfVk6pPwzlON5IecXSCeEyg7MkiSHuaTvNO6I9mCeuRR_7H6p-t1rJSTkm24P-sRGYphHk_ikWuWrF1zRLth94lFFrzy4lAlz5DxhL7sWfAbHcN3=k-no""],""When"":""3 months ago"",""review_id"":""Ci9DQUlRQUNvZENodHljRjlvT25OV01XMXJVbmd4UmtNMUxVNUljMUJtZDBaRVozYxAB"",""source"":""Google"",""rating_scale"":5,""rating_float"":5,""author_url"":""https://www.google.com/maps/contrib/115811979321634337408/reviews?hl=en"",""posted_at_unix_micros"":1781009359806202,""updated_at_unix_micros"":1781009359806202,""language"":""en"",""translated_lang"":"""",""text_original"":""We recently worked with COUPPAS LTD for a range of retail bags, including standard printed bags and luxury bag options, and we were impressed with both the quality and the service.\n\nThe original estimated delivery time was 2–3 weeks, but COUPPAS LTD completed and delivered the entire order in less than a week without compromising on quality. The bags were produced to a very high standard, with excellent printing, durable materials, and a professional finish across all product ranges.\n\nWhat stood out most was the speed, efficiency, and communication throughout the process. The team was responsive, helpful, and ensured everything was handled smoothly from start to finish.\n\nIf you’re a company looking for a supplier that combines outstanding product quality with exceptional turnaround times and reliable customer service, we would highly recommend COUPPAS LTD. Their ability to exceed expectations on both delivery and quality makes them a trusted partner for retail packaging needs."",""text_translated"":"""",""published_at"":""2026-06-09T12:49:19.806202Z""},{""Name"":""Demetra Panagou"",""ProfilePicture"":""https://lh3.googleusercontent.com/a/ACg8ocKxioqpy1zTmbZpGojPtjiqOpyvzJPWipUTfmaZ2btzKq1lSw=s120-c-rp-mo-br100"",""Rating"":5,""Description"":""Fantastic service! They are always quick to respond, their prices are very reasonable and they dispatch the orders as soon as possible. I recently placed an order at 6pm, I received the order by 8am the next morning!"",""Images"":null,""When"":""a year ago"",""review_id"":""ChdDSUhNMG9nS0VJQ0FnSURuLTlqQndnRRAB"",""source"":""Google"",""rating_scale"":5,""rating_float"":5,""author_url"":""https://www.google.com/maps/contrib/114464265796548207903/reviews?hl=en"",""posted_at_unix_micros"":1728574798652327,""updated_at_unix_micros"":1728574798652327,""language"":""en"",""translated_lang"":"""",""text_original"":""Fantastic service! They are always quick to respond, their prices are very reasonable and they dispatch the orders as soon as possible. I recently placed an order at 6pm, I received the order by 8am the next morning!"",""text_translated"":"""",""published_at"":""2024-10-10T15:39:58.652327Z""},{""Name"":""Kolevatova Maria"",""ProfilePicture"":""https://lh3.googleusercontent.com/a-/ALV-UjUkWNHHd6PkYDUWT8iMkMfqR-iZeLEDuQY9sot59ZJ7XmMLCtyf=s120-c-rp-mo-br100"",""Rating"":5,""Description"":""The best paper bag supplier on whole Cyprus! Wide range of sizes and colors, fast delivery and very reasonable prices. Thank you Savvas for being such a reliable partner to us 😊"",""Images"":null,""When"":""2 years ago"",""review_id"":""ChdDSUhNMG9nS0VJQ0FnSUN0N2QzbW13RRAB"",""source"":""Google"",""rating_scale"":5,""rating_float"":5,""author_url"":""https://www.google.com/maps/contrib/105297764788502475698/reviews?hl=en"",""posted_at_unix_micros"":1706703809502017,""updated_at_unix_micros"":1706703809502017,""language"":""en"",""translated_lang"":"""",""text_original"":""The best paper bag supplier on whole Cyprus! Wide range of sizes and colors, fast delivery and very reasonable prices. Thank you Savvas for being such a reliable partner to us 😊"",""text_translated"":"""",""published_at"":""2024-01-31T12:23:29.502017Z""},{""Name"":""Mohamed Jirow"",""ProfilePicture"":""https://lh3.googleusercontent.com/a-/ALV-UjUcl4qwJTqvSkRWta3iGS-VkRCtt6r9VFRPyYkkumTqfAa3zhM0=s120-c-rp-mo-br100"",""Rating"":5,""Description"":""On behalf of Anab Abaya Store in Nicosia, we have been extremely pleased with the quality of the paper bags provided by K.S. COUPPAS LTD. The materials are durable, eco-friendly, and aesthetically designed, perfectly aligning with our business needs"",""Images"":null,""When"":""a year ago"",""review_id"":""ChdDSUhNMG9nS0VJQ0FnSUN2b28ybjFnRRAB"",""source"":""Google"",""rating_scale"":5,""rating_float"":5,""author_url"":""https://www.google.com/maps/contrib/116284989723917390214/reviews?hl=en"",""posted_at_unix_micros"":1733739058868269,""updated_at_unix_micros"":1733739058868269,""language"":""en"",""translated_lang"":"""",""text_original"":""On behalf of Anab Abaya Store in Nicosia, we have been extremely pleased with the quality of the paper bags provided by K.S. COUPPAS LTD. The materials are durable, eco-friendly, and aesthetically designed, perfectly aligning with our business needs"",""text_translated"":"""",""published_at"":""2024-12-09T10:10:58.868269Z""},{""Name"":""Konstantinos Andreou"",""ProfilePicture"":""https://lh3.googleusercontent.com/a/ACg8ocIRfAmcnbI1cyV0O_5iP3w0C2yqYlaEjmPGLWCWGKK6d8f9bw=s120-c-rp-mo-ba12-br100"",""Rating"":5,""Description"":""Always fast experience with Couppas, just be sure what you want first!"",""Images"":null,""When"":""a year ago"",""review_id"":""Ci9DQUlRQUNvZENodHljRjlvT21kWFJtdDRhamR0UVhSelEyUkxUM2QxVlZGM2MwRRAB"",""source"":""Google"",""rating_scale"":5,""rating_float"":5,""author_url"":""https://www.google.com/maps/contrib/113732977204360950752/reviews?hl=en"",""posted_at_unix_micros"":1749747726793709,""updated_at_unix_micros"":1749747726793709,""language"":""en"",""translated_lang"":"""",""text_original"":""Always fast experience with Couppas, just be sure what you want first!"",""text_translated"":"""",""published_at"":""2025-06-12T17:02:06.793709Z""}]",null,,,,not disclosed,Target bag ~20×17×10 cm — ask for mailer/rigid box ~22×19×12 cm (or custom die-cut) with bulk MOQ.,high
0410078f-a55d-4191-8786-71e4ad003dd7,https://www.google.com/maps/place/Cartopack+ltd/data=!4m7!3m6!1s0x14de1901a3702501:0xf16062623764a723!8m2!3d35.1522366!4d33.3720447!16s%2Fg%2F11h0gd1j_9!19sChIJASVwowEZ3hQRI6dkN2JiYPE?authuser=0&hl=en&g_ep=EgoyMDI2MDkxNi4wIJJjKgBIAVAD&rclk=1,Cartopack ltd,Packaging company,"Armenias 14, Nicosia, Lefkosia 2003, Cyprus","{""Friday"":[""Open 24 hours""],""Monday"":[""Open 24 hours""],""Saturday"":[""Closed""],""Sunday"":[""Closed""],""Thursday"":[""Open 24 hours""],""Tuesday"":[""Open 24 hours""],""Wednesday"":[""Open 24 hours""]}",{},http://www.cartopackcy.com/,+357 99 646176,592C+VR Nicosia,3,5.000000,"{""1"":0,""2"":0,""3"":0,""4"":0,""5"":3}",35.152237,33.372045,17393009934880515875,,,,https://lh3.googleusercontent.com/grass-cs/ACvplmPVIg2Cps4889MtJYiSegM5vfLlN_-6cwXIXTQ8kJX6L-lkGIrN8fkAQl8zX8loL0u9be8JDykiHvW3PGdb3AE-K88hVpist3mNMVq8rsDaCxxnx_EB1JwUdejy1Dh6uvRJYokjdg=w408-h276-k-no,Asia/Nicosia,,0x14de1901a3702501:0xf16062623764a723,,ChIJASVwowEZ3hQRI6dkN2JiYPE,[],null,null,"{""link"":"""",""source"":""""}","{""id"":""110362371940224706330"",""name"":""Cartopack ltd (Owner)"",""link"":""https://www.google.com/maps/contrib/110362371940224706330""}","{""borough"":""Άγιος Δημήτριος"",""street"":""Armenias 14"",""city"":""Nicosia"",""postal_code"":""2003"",""state"":""Nicosia"",""country"":""CY""}",,"[{""id"":""accessibility"",""name"":""Accessibility"",""options"":[{""name"":""Wheelchair accessible parking lot"",""enabled"":true}]}]","[{""Name"":""Nick Constantinou"",""ProfilePicture"":""https://lh3.googleusercontent.com/a-/ALV-UjXBxVkMzHmgcwCOSO_zsQmb_Yz1IK01c2UkId4JRbRLGoE4a5_IoA=s120-c-rp-mo-ba12-br100"",""Rating"":5,""Description"":""We have a restaurant in Nicosia.  We ordered the full range of packaging products for delivery.  Amazing quality, prices were competitive and delivery was before schedule.  Thank you Cartopack!"",""Images"":null,""When"":""Edited 6 years ago"",""review_id"":""ChZDSUhNMG9nS0VJQ0FnSURvM29UTVJnEAE"",""source"":""Google"",""rating_scale"":5,""rating_float"":5,""author_url"":""https://www.google.com/maps/contrib/111134340321916189686/reviews?hl=en"",""posted_at_unix_micros"":1552816448806670,""updated_at_unix_micros"":1591135510275147,""language"":""en"",""translated_lang"":"""",""text_original"":""We have a restaurant in Nicosia.  We ordered the full range of packaging products for delivery.  Amazing quality, prices were competitive and delivery was before schedule.  Thank you Cartopack!"",""text_translated"":"""",""published_at"":""2019-03-17T09:54:08.80667Z""},{""Name"":""Pardeep Singh dhillon Pardeep"",""ProfilePicture"":""https://lh3.googleusercontent.com/a/ACg8ocK8w44bo7y3A0y5gH1Q4Td_ZSfJFcmOubc2L0bBfB-qLODGNw=s120-c-rp-mo-br100"",""Rating"":5,""Description"":""💗"",""Images"":null,""When"":""a month ago"",""review_id"":""Ci9DQUlRQUNvZENodHljRjlvT2xsWVZ6UkNiRkUzTld4Uk9GaDFkR1JOZGtWWVMxRRAB"",""source"":""Google"",""rating_scale"":5,""rating_float"":5,""author_url"":""https://www.google.com/maps/contrib/114879833797359047817/reviews?hl=en"",""posted_at_unix_micros"":1784460710382827,""updated_at_unix_micros"":1784460710382827,""language"":""en-GB"",""translated_lang"":"""",""text_original"":""💗"",""text_translated"":"""",""published_at"":""2026-07-19T11:31:50.382827Z""},{""Name"":""Sarad rai (Saroj)"",""ProfilePicture"":""https://lh3.googleusercontent.com/a/ACg8ocJcchEVXtW8yJZJ7qKsST8s9eq6rzbLRkL_0pTz8tSpgu4e5Q=s120-c-rp-mo-br100"",""Rating"":5,""Description"":"""",""Images"":null,""When"":""2 years ago"",""review_id"":""ChdDSUhNMG9nS0VJQ0FnSUNybGRMaTd3RRAB"",""source"":""Google"",""rating_scale"":5,""rating_float"":5,""author_url"":""https://www.google.com/maps/contrib/100002380327002507609/reviews?hl=en"",""posted_at_unix_micros"":1720539489585305,""updated_at_unix_micros"":1720539489585305,""language"":"""",""translated_lang"":"""",""text_original"":"""",""text_translated"":"""",""published_at"":""2024-07-09T15:38:09.585305Z""}]",null,,,,not disclosed,Target bag ~20×17×10 cm — ask for mailer/rigid box ~22×19×12 cm (or custom die-cut) with bulk MOQ.,high
0410078f-a55d-4191-8786-71e4ad003dd7,https://www.google.com/maps/place/Kelifos+Exclusive+Packaging/data=!4m7!3m6!1s0x14de1b10c44a3709:0xf590576ed3bba253!8m2!3d35.1560694!4d33.3156233!16s%2Fg%2F11rxy4br2j!19sChIJCTdKxBAb3hQRU6K7025XkPU?authuser=0&hl=en&g_ep=EgoyMDI2MDkxNi4wIJJjKgBIAVAD&rclk=1,Kelifos Exclusive Packaging,Packaging company,"Ilia Papakiriakou, Egkomi, Lefkosia 2415, Cyprus","{""Friday"":[""9 AM–3 PM""],""Monday"":[""9 AM–3 PM""],""Saturday"":[""9 AM–12 PM""],""Sunday"":[""Closed""],""Thursday"":[""9 AM–3 PM""],""Tuesday"":[""9 AM–3 PM""],""Wednesday"":[""9 AM–3 PM""]}",{},https://www.facebook.com/Kelifos.cy/,+357 22 210696,"5848+C6 Egkomi, Cyprus",5,4.200000,"{""1"":1,""2"":0,""3"":0,""4"":0,""5"":4}",35.156069,33.315623,17694739069448987219,,,,https://lh3.googleusercontent.com/grass-cs/ACvplmOqY7UpA9iT04vAFqsMnux0wrASEb0FPGzWc8385MbY5SSQVw_s3ojgW2FBeG0Nf68bzggvCfVMFJVuLVngm_wGlxoCtKz9j3TOSiYu_RXoPFYg4PKtmVemvPS5t2BcLmPkdVeEvw=w408-h510-k-no,Asia/Nicosia,,0x14de1b10c44a3709:0xf590576ed3bba253,,ChIJCTdKxBAb3hQRU6K7025XkPU,[],null,null,"{""link"":"""",""source"":""""}","{""id"":""113364316826336174136"",""name"":""Kelifos Exclusive Packaging (Owner)"",""link"":""https://www.google.com/maps/contrib/113364316826336174136""}","{""borough"":""Makedonitissa"",""street"":""Ilia Papakiriakou"",""city"":""Egkomi"",""postal_code"":""2415"",""state"":""Nicosia"",""country"":""CY""}",,"[{""id"":""accessibility"",""name"":""Accessibility"",""options"":[{""name"":""Wheelchair accessible parking lot"",""enabled"":true}]}]","[{""Name"":""Alex"",""ProfilePicture"":""https://lh3.googleusercontent.com/a-/ALV-UjVvz_c7LiTqj_N3rh0yLzT5kDkY5Yrb3MC8_-qqTKBo6pYVI3btuw=s120-c-rp-mo-ba12-br100"",""Rating"":5,""Description"":""Good shop"",""Images"":null,""When"":""4 years ago"",""review_id"":""ChZDSUhNMG9nS0VJQ0FnSUMyd3NYSGR3EAE"",""source"":""Google"",""rating_scale"":5,""rating_float"":5,""author_url"":""https://www.google.com/maps/contrib/106784562795953812847/reviews?hl=en"",""posted_at_unix_micros"":1650098239636439,""updated_at_unix_micros"":1650098239636439,""language"":""en"",""translated_lang"":"""",""text_original"":""Good shop"",""text_translated"":"""",""reply_text_original"":""Thank you!!!!"",""reply_language"":""en"",""reply_posted_at_unix_micros"":1679722833000000,""reply_updated_at_unix_micros"":1679722833000000,""published_at"":""2022-04-16T08:37:19.636439Z""},{""Name"":""neoptolemos chatzimarious"",""ProfilePicture"":""https://lh3.googleusercontent.com/a-/ALV-UjWd9s4KfRKGf-Rad9q-mY71Dpaz5iRodGpZU5GRV1nui0pkTCI=s120-c-rp-mo-ba12-br100"",""Rating"":1,""Description"":"""",""Images"":null,""When"":""9 months ago"",""review_id"":""Ci9DQUlRQUNvZENodHljRjlvT25WU00weENSVmxQYTB0Q05tMVRiMmd0ZWtKU2JXYxAB"",""source"":""Google"",""rating_scale"":5,""rating_float"":1,""author_url"":""https://www.google.com/maps/contrib/116349080134411895006/reviews?hl=en"",""posted_at_unix_micros"":1764927982675956,""updated_at_unix_micros"":1764927982675956,""language"":"""",""translated_lang"":"""",""text_original"":"""",""text_translated"":"""",""published_at"":""2025-12-05T09:46:22.675956Z""},{""Name"":""Rahul kumar Rahul kumar"",""ProfilePicture"":""https://lh3.googleusercontent.com/a-/ALV-UjVY8OfGwA4iJi2HdvfTwkpnbnYkNvlaBctj6xY1eIVseGiWz8bhqw=s120-c-rp-mo-br100"",""Rating"":5,""Description"":"""",""Images"":null,""When"":""a year ago"",""review_id"":""Ci9DQUlRQUNvZENodHljRjlvT2s5aFVGcHZNMTk1TVV0NFVWOVRWbTFUVEVGRFMzYxAB"",""source"":""Google"",""rating_scale"":5,""rating_float"":5,""author_url"":""https://www.google.com/maps/contrib/105034215935904403914/reviews?hl=en"",""posted_at_unix_micros"":1756737747186777,""updated_at_unix_micros"":1756737747186777,""language"":"""",""translated_lang"":"""",""text_original"":"""",""text_translated"":"""",""published_at"":""2025-09-01T14:42:27.186777Z""},{""Name"":""Stacey Hare"",""ProfilePicture"":""https://lh3.googleusercontent.com/a/ACg8ocLO8OcmU0cmbagnKadYh7NRWPEGQu_KfnI4NHfYxQRLCGbgqQ=s120-c-rp-mo-ba12-br100"",""Rating"":5,""Description"":"""",""Images"":null,""When"":""a year ago"",""review_id"":""ChZDSUhNMG9nS0VJQ0FnSUR2bHVUNmF3EAE"",""source"":""Google"",""rating_scale"":5,""rating_float"":5,""author_url"":""https://www.google.com/maps/contrib/111787559243704609686/reviews?hl=en"",""posted_at_unix_micros"":1734677059006950,""updated_at_unix_micros"":1734677059006950,""language"":"""",""translated_lang"":"""",""text_original"":"""",""text_translated"":"""",""published_at"":""2024-12-20T06:44:19.00695Z""},{""Name"":""linda Moisidou"",""ProfilePicture"":""https://lh3.googleusercontent.com/a-/ALV-UjUi-y9ZZRfWF0504yqrOoXWj9zHxPZq6Frnur6J45jehVrj-0r_=s120-c-rp-mo-br100"",""Rating"":5,""Description"":"""",""Images"":null,""When"":""3 years ago"",""review_id"":""ChdDSUhNMG9nS0VJQ0FnSURodjVHbmt3RRAB"",""source"":""Google"",""rating_scale"":5,""rating_float"":5,""author_url"":""https://www.google.com/maps/contrib/105270920403048823964/reviews?hl=en"",""posted_at_unix_micros"":1679423660298528,""updated_at_unix_micros"":1679423660298528,""language"":"""",""translated_lang"":"""",""text_original"":"""",""text_translated"":"""",""reply_text_original"":""Thank you!!!"",""reply_language"":""en"",""reply_posted_at_unix_micros"":1679722798000000,""reply_updated_at_unix_micros"":1679722798000000,""published_at"":""2023-03-21T18:34:20.298528Z""}]",null,,,,not disclosed,Target bag ~20×17×10 cm — ask for mailer/rigid box ~22×19×12 cm (or custom die-cut) with bulk MOQ.,high
0410078f-a55d-4191-8786-71e4ad003dd7,https://www.google.com/maps/place/Onergo+Solutions/data=!4m7!3m6!1s0x14e09d8c7f0db3b7:0xbf98c1da44946d7d!8m2!3d34.8681995!4d33.5899122!16s%2Fg%2F11q3qphcpp!19sChIJt7MNf4yd4BQRfW2URNrBmL8?authuser=0&hl=en&g_ep=EgoyMDI2MDkxNi4wIJJjKgBIAVAD&rclk=1,Onergo Solutions,Packaging supply store,"Αγ. Παντελεημονος και, Antistaseos, Dromolaxia 7020, Cyprus","{""Friday"":[""9 AM–5 PM""],""Monday"":[""9 AM–5 PM""],""Saturday"":[""Closed""],""Sunday"":[""Closed""],""Thursday"":[""9 AM–5 PM""],""Tuesday"":[""9 AM–5 PM""],""Wednesday"":[""9 AM–5 PM""]}",{},https://onergo.com.cy/,+357 24 102300,"VH9Q+7X Dromolaxia, Cyprus",12,5.000000,"{""1"":0,""2"":0,""3"":0,""4"":0,""5"":12}",34.868199,33.589912,13805997800901864829,,,,https://lh3.googleusercontent.com/grass-cs/ACvplmOkaImBFDA8rJnTBjsxy1gQqFde3pVZqENYEXM3GyA_AueZhCwpZiFxRqEbXjPZJ_fASQ_TiV8j-8cTllVNcPIsZGn9G5fFrzmZwhP7f6j6pCKtYLPlZhdDRVUwRaJ_QkDWZsPbjg=w408-h306-k-no,Asia/Nicosia,,0x14e09d8c7f0db3b7:0xbf98c1da44946d7d,,ChIJt7MNf4yd4BQRfW2URNrBmL8,[],null,null,"{""link"":"""",""source"":""""}","{""id"":""101057207160668085723"",""name"":""Onergo Solutions (Owner)"",""link"":""https://www.google.com/maps/contrib/101057207160668085723""}","{""borough"":""Δρομολαξιά"",""street"":""Αγ. Παντελεημονος και, Antistaseos"",""city"":""Dromolaxia"",""postal_code"":""7020"",""state"":""Larnaca"",""country"":""CY""}",,"[{""id"":""accessibility"",""name"":""Accessibility"",""options"":[{""name"":""Wheelchair accessible parking lot"",""enabled"":true}]}]","[{""Name"":""Eleni Spyrou"",""ProfilePicture"":""https://lh3.googleusercontent.com/a/ACg8ocKWus-t7AekPR9WgZwH8TuH6Xvn7qeRrx7OpVNOD_uNIS8Thw=s120-c-rp-mo-br100"",""Rating"":5,""Description"":""Very good service. Delivered at my place. Good quality courier boxes."",""Images"":null,""When"":""a year ago"",""review_id"":""Ci9DQUlRQUNvZENodHljRjlvT2tnM09YVlFNSGN4YWxGU1JEaEVWbVF3Vm5wM1RWRRAB"",""source"":""Google"",""rating_scale"":5,""rating_float"":5,""author_url"":""https://www.google.com/maps/contrib/104503645100862706621/reviews?hl=en"",""posted_at_unix_micros"":1751577871398100,""updated_at_unix_micros"":1751577871398100,""language"":""en"",""translated_lang"":"""",""text_original"":""Very good service. Delivered at my place. Good quality courier boxes."",""text_translated"":"""",""reply_text_original"":""Dear Eleni, thank you very much for your kind comment! 🙂"",""reply_language"":""en"",""reply_posted_at_unix_micros"":1753182304000000,""reply_updated_at_unix_micros"":1753182304000000,""published_at"":""2025-07-03T21:24:31.3981Z""},{""Name"":""Angelos Kyrousis"",""ProfilePicture"":""https://lh3.googleusercontent.com/a/ACg8ocJ8wtkmR2ZpNhfwV1L30IcrCZCdr0Ldpyh8oXz0ga6K7HdpTQ=s120-c-rp-mo-br100"",""Rating"":5,""Description"":""The best variety of pastry boxes with reasonable prices and good and quick delivery services. I highly recommend it."",""Images"":null,""When"":""a year ago"",""review_id"":""ChZDSUhNMG9nS0VJQ0FnSUNYMTZmMkh3EAE"",""source"":""Google"",""rating_scale"":5,""rating_float"":5,""author_url"":""https://www.google.com/maps/contrib/102754862688230815533/reviews?hl=en"",""posted_at_unix_micros"":1729530464912164,""updated_at_unix_micros"":1729530464912164,""language"":""en"",""translated_lang"":"""",""text_original"":""The best variety of pastry boxes with reasonable prices and good and quick delivery services. I highly recommend it."",""text_translated"":"""",""published_at"":""2024-10-21T17:07:44.912164Z""},{""Name"":""Thanassis Giannoulis"",""ProfilePicture"":""https://lh3.googleusercontent.com/a/ACg8ocLPM8ZBTv9lF1Bx0bsUDC-l1gqNX-TRQcj3S6eSNXD035u2xA=s120-c-rp-mo-br100"",""Rating"":5,""Description"":""Easy going individual prints and eco materials"",""Images"":null,""When"":""Edited 2 years ago"",""review_id"":""ChdDSUhNMG9nS0VJQ0FnSUNyeVl1UjRnRRAB"",""source"":""Google"",""rating_scale"":5,""rating_float"":5,""author_url"":""https://www.google.com/maps/contrib/108854001185358858096/reviews?hl=en"",""posted_at_unix_micros"":1720461517942682,""updated_at_unix_micros"":1721203521920617,""language"":""en"",""translated_lang"":"""",""text_original"":""Easy going individual prints and eco materials"",""text_translated"":"""",""published_at"":""2024-07-08T17:58:37.942682Z""},{""Name"":""Yaroslav Ilinov"",""ProfilePicture"":""https://lh3.googleusercontent.com/a/ACg8ocLHS0wFx4ve5hXDp6Q1KqZ9Ih3tSHJQg1sth3qQKK1LS7qfjGg=s120-c-rp-mo-ba12-br100"",""Rating"":5,""Description"":""Professionals"",""Images"":null,""When"":""4 months ago"",""review_id"":""Ci9DQUlRQUNvZENodHljRjlvT2pFeVV6aHZNMHRRWm01MVFWTnFUMUk0ZVZWdmNHYxAB"",""source"":""Google"",""rating_scale"":5,""rating_float"":5,""author_url"":""https://www.google.com/maps/contrib/113281491752412036602/reviews?hl=en"",""posted_at_unix_micros"":1778067806496855,""updated_at_unix_micros"":1778067806496855,""language"":""en"",""translated_lang"":"""",""text_original"":""Professionals"",""text_translated"":"""",""published_at"":""2026-05-06T11:43:26.496855Z""},{""Name"":""George Mpekos"",""ProfilePicture"":""https://lh3.googleusercontent.com/a/ACg8ocIgrdQZbFOZ4ZjAbyphjdjII6-LBVqbFxnDwVIg7rOvy-0ivw=s120-c-rp-mo-br100"",""Rating"":5,""Description"":"""",""Images"":null,""When"":""a year ago"",""review_id"":""Ci9DQUlRQUNvZENodHljRjlvT204MVRqTlljRkUzYVdwcGNYZHJhVmxGZGpSaGIwRRAB"",""source"":""Google"",""rating_scale"":5,""rating_float"":5,""author_url"":""https://www.google.com/maps/contrib/100048105282226916745/reviews?hl=en"",""posted_at_unix_micros"":1750798234514103,""updated_at_unix_micros"":1750798234514103,""language"":"""",""translated_lang"":"""",""text_original"":"""",""text_translated"":"""",""published_at"":""2025-06-24T20:50:34.514103Z""}]",null,,,,not disclosed,Target bag ~20×17×10 cm — ask for mailer/rigid box ~22×19×12 cm (or custom die-cut) with bulk MOQ.,high
0410078f-a55d-4191-8786-71e4ad003dd7,https://www.google.com/maps/place/Megapack+ltd/data=!4m7!3m6!1s0x14de1926d61823f3:0x3a7bc2f5a5a37408!8m2!3d35.1253654!4d33.3608437!16s%2Fg%2F11h1kw94vg!19sChIJ8yMY1iYZ3hQRCHSjpfXCezo?authuser=0&hl=en&g_ep=EgoyMDI2MDkxNi4wIJJjKgBIAVAD&rclk=1,Megapack ltd,Packaging supply store,"Παγκρατίου 5, Strovolos, Lefkosia 2033, Cyprus","{""Friday"":[""8 AM–2:30 PM""],""Monday"":[""8 AM–4:30 PM""],""Saturday"":[""Closed""],""Sunday"":[""Closed""],""Thursday"":[""8 AM–4:30 PM""],""Tuesday"":[""8 AM–4:30 PM""],""Wednesday"":[""8 AM–4:30 PM""]}",{},http://www.megapack.com.cy/,+357 22 446262,"49G6+48 Strovolos, Cyprus",2,4.500000,"{""1"":0,""2"":0,""3"":0,""4"":1,""5"":1}",35.125365,33.360844,4214176236636959752,,,,https://lh3.googleusercontent.com/grass-cs/ACvplmNN7V8ZrI8f22veZcCRhWWy6LNjCotFYc6l7eYkjfWmWsjf6CL5Qc1gSsj87IVyiXn25eD_QbhMXDyZrSaJLdcuEWEmafIsN4FxO1CHrtgJSyb3YkkfV9s_PiTqxUvFHXxgw0gw=w457-h240-k-no,Asia/Nicosia,,0x14de1926d61823f3:0x3a7bc2f5a5a37408,,ChIJ8yMY1iYZ3hQRCHSjpfXCezo,[],null,null,"{""link"":"""",""source"":""""}","{""id"":""102797607457250413866"",""name"":""Megapack ltd (Owner)"",""link"":""https://www.google.com/maps/contrib/102797607457250413866""}","{""borough"":""Απόστολος Βαρνάβας και Άγιος Μακάριος"",""street"":""Παγκρατίου 5"",""city"":""Strovolos"",""postal_code"":""2033"",""state"":""Nicosia"",""country"":""CY""}",,"[{""id"":""accessibility"",""name"":""Accessibility"",""options"":[{""name"":""Wheelchair accessible entrance"",""enabled"":true},{""name"":""Wheelchair accessible parking lot"",""enabled"":true}]}]","[{""Name"":""Yannis Voudouris"",""ProfilePicture"":""https://lh3.googleusercontent.com/a-/ALV-UjUsaFtQUhUizj24JJOqywrWESwlf8uEOV64DpNCrmKSv-l8sHAN=s120-c-rp-mo-ba12-br100"",""Rating"":5,""Description"":"""",""Images"":null,""When"":""2 years ago"",""review_id"":""ChdDSUhNMG9nS0VJQ0FnSUQ5eW9LZ3R3RRAB"",""source"":""Google"",""rating_scale"":5,""rating_float"":5,""author_url"":""https://www.google.com/maps/contrib/101195766810318681740/reviews?hl=en"",""posted_at_unix_micros"":1710494663188000,""updated_at_unix_micros"":1710494663188000,""language"":"""",""translated_lang"":"""",""text_original"":"""",""text_translated"":"""",""published_at"":""2024-03-15T09:24:23.188Z""},{""Name"":""aaron gatt"",""ProfilePicture"":""https://lh3.googleusercontent.com/a-/ALV-UjXPZ5gxX-ZJ1keXZDlznrzeYh2Y_J_KzCBo-w8Qnk82elXNsSuFjQ=s120-c-rp-mo-ba12-br100"",""Rating"":4,""Description"":"""",""Images"":null,""When"":""5 years ago"",""review_id"":""ChZDSUhNMG9nS0VJQ0FnSURxNGQ3ZUp3EAE"",""source"":""Google"",""rating_scale"":5,""rating_float"":4,""author_url"":""https://www.google.com/maps/contrib/108534847398580616990/reviews?hl=en"",""posted_at_unix_micros"":1625985630721049,""updated_at_unix_micros"":1625985630721049,""language"":"""",""translated_lang"":"""",""text_original"":"""",""text_translated"":"""",""published_at"":""2021-07-11T06:40:30.721049Z""}]",null,,,,not disclosed,Target bag ~20×17×10 cm — ask for mailer/rigid box ~22×19×12 cm (or custom die-cut) with bulk MOQ.,high
0410078f-a55d-4191-8786-71e4ad003dd7,https://www.google.com/maps/place/ArnosTech+Ltd/data=!4m7!3m6!1s0x14de1970e0beb0f9:0x521154efb903dc68!8m2!3d35.1174624!4d33.3593367!16s%2Fg%2F11h461hh2h!19sChIJ-bC-4HAZ3hQRaNwDue9UEVI?authuser=0&hl=en&g_ep=EgoyMDI2MDkxNi4wIJJjKgBIAVAD&rclk=1,ArnosTech Ltd,Packaging supply store,"Vathylaka 8, Strovolos, Lefkosia 2033, Cyprus","{""Friday"":[""8 AM–5 PM""],""Monday"":[""8 AM–5 PM""],""Saturday"":[""Closed""],""Sunday"":[""Closed""],""Thursday"":[""8 AM–5 PM""],""Tuesday"":[""8 AM–5 PM""],""Wednesday"":[""8 AM–5 PM""]}",{},https://www.arnostech.com/contact-us/,+357 99 902389,"4985+XP Strovolos, Cyprus",4,5.000000,"{""1"":0,""2"":0,""3"":0,""4"":0,""5"":4}",35.117462,33.359337,5913601174292126824,,,,https://streetviewpixels-pa.googleapis.com/v1/thumbnail?panoid=W5lZbIKx6zFWTxfk1JvvyA&cb_client=search.gws-prod.grass&w=408&h=240&yaw=247.99315&pitch=-4.9342203&thumbfov=100,Asia/Nicosia,,0x14de1970e0beb0f9:0x521154efb903dc68,,ChIJ-bC-4HAZ3hQRaNwDue9UEVI,[],null,null,"{""link"":"""",""source"":""""}","{""id"":""112293201662403408206"",""name"":""ArnosTech Ltd (Owner)"",""link"":""https://www.google.com/maps/contrib/112293201662403408206""}","{""borough"":""Απόστολος Βαρνάβας και Άγιος Μακάριος"",""street"":""Vathylaka 8"",""city"":""Strovolos"",""postal_code"":""2033"",""state"":""Nicosia"",""country"":""CY""}",,"[{""id"":""accessibility"",""name"":""Accessibility"",""options"":[{""name"":""Wheelchair accessible entrance"",""enabled"":true},{""name"":""Wheelchair accessible parking lot"",""enabled"":true}]}]","[{""Name"":""Antonis Nicolaides"",""ProfilePicture"":""https://lh3.googleusercontent.com/a-/ALV-UjU1Cr51oGlHhV2cD2Iv9cuvaws6mB1PyfFUS_rFuyR-lyK2f48=s120-c-rp-mo-br100"",""Rating"":5,""Description"":""There is wide range of packing machines and other related packing materials!"",""Images"":null,""When"":""5 years ago"",""review_id"":""ChdDSUhNMG9nS0VJQ0FnSUM2bWEyZmlRRRAB"",""source"":""Google"",""rating_scale"":5,""rating_float"":5,""author_url"":""https://www.google.com/maps/contrib/106562232136661307955/reviews?hl=en"",""posted_at_unix_micros"":1631100795772425,""updated_at_unix_micros"":1631100795772425,""language"":""en"",""translated_lang"":"""",""text_original"":""There is wide range of packing machines and other related packing materials!"",""text_translated"":"""",""published_at"":""2021-09-08T11:33:15.772425Z""},{""Name"":""Gabriel Gabriel (Gab)"",""ProfilePicture"":""https://lh3.googleusercontent.com/a/ACg8ocJ6aJZliOOZyntdNPsNbHNNgFaMwMucnJNj-Ks6hh1vVfOo-w=s120-c-rp-mo-ba12-br100"",""Rating"":5,""Description"":""everything you need for packing you'll find it here"",""Images"":null,""When"":""6 years ago"",""review_id"":""ChZDSUhNMG9nS0VJQ0FnSUNzZ3ZhaU93EAE"",""source"":""Google"",""rating_scale"":5,""rating_float"":5,""author_url"":""https://www.google.com/maps/contrib/104018940661858399280/reviews?hl=en"",""posted_at_unix_micros"":1580031446752200,""updated_at_unix_micros"":1580031446752200,""language"":""en"",""translated_lang"":"""",""text_original"":""everything you need for packing you'll find it here"",""text_translated"":"""",""published_at"":""2020-01-26T09:37:26.7522Z""},{""Name"":""ADEXPORTSINC"",""ProfilePicture"":""https://lh3.googleusercontent.com/a/ACg8ocIH0ZmSY5wCj0De5otIrLh_oFGUYzThdpMpUMkiQiYYlz89gw=s120-c-rp-mo-br100"",""Rating"":5,""Description"":"""",""Images"":null,""When"":""7 months ago"",""review_id"":""Ci9DQUlRQUNvZENodHljRjlvT25seVNVZzVVRGQzT0c1aVRsWkpibmxDTlRNNVdsRRAB"",""source"":""Google"",""rating_scale"":5,""rating_float"":5,""author_url"":""https://www.google.com/maps/contrib/100845097445268524000/reviews?hl=en"",""posted_at_unix_micros"":1769803964410083,""updated_at_unix_micros"":1769803964410083,""language"":"""",""translated_lang"":"""",""text_original"":"""",""text_translated"":"""",""published_at"":""2026-01-30T20:12:44.410083Z""},{""Name"":""Loucas Louca"",""ProfilePicture"":""https://lh3.googleusercontent.com/a-/ALV-UjXB942cwhIQD9FT6SxkwpX1QpOSoG02a3wVZLO4KmWtKsOs1lif3w=s120-c-rp-mo-ba12-br100"",""Rating"":5,""Description"":"""",""Images"":null,""When"":""11 months ago"",""review_id"":""Ci9DQUlRQUNvZENodHljRjlvT21GbWVGcEpNMVZzYzNGRFVIQlljVGhPWTJzelEwRRAB"",""source"":""Google"",""rating_scale"":5,""rating_float"":5,""author_url"":""https://www.google.com/maps/contrib/100098362754082579864/reviews?hl=en"",""posted_at_unix_micros"":1760446725243436,""updated_at_unix_micros"":1760446725243436,""language"":"""",""translated_lang"":"""",""text_original"":"""",""text_translated"":"""",""published_at"":""2025-10-14T12:58:45.243436Z""}]",null,,,,not disclosed,Target bag ~20×17×10 cm — ask for mailer/rigid box ~22×19×12 cm (or custom die-cut) with bulk MOQ.,high
0410078f-a55d-4191-8786-71e4ad003dd7,https://www.google.com/maps/place/Allbox+%7C+Paper+Packaging+and+Printing/data=!4m7!3m6!1s0x14de19dd9c34a06d:0x247ddc6b84b3520c!8m2!3d35.1526085!4d33.3685597!16s%2Fg%2F11h_6pyp77!19sChIJbaA0nN0Z3hQRDFKzhGvcfSQ?authuser=0&hl=en&g_ep=EgoyMDI2MDkxNi4wIJJjKgBIAVAD&rclk=1,Allbox | Paper Packaging and Printing,Packaging supply store,"Armenias, Nicosia, Lefkosia 2003, Cyprus",{},{},http://www.allbox.gr/contact/,+357 22 763821,,0,0.000000,"{""1"":0,""2"":0,""3"":0,""4"":0,""5"":0}",35.152608,33.368560,2629500111800193548,,,,,Asia/Nicosia,,0x14de19dd9c34a06d:0x247ddc6b84b3520c,,ChIJbaA0nN0Z3hQRDFKzhGvcfSQ,[],null,null,"{""link"":"""",""source"":""""}","{""id"":"""",""name"":""Allbox | Paper Packaging and Printing (Owner)"",""link"":""""}","{""borough"":""Άγιος Δημήτριος"",""street"":""Armenias"",""city"":""Nicosia"",""postal_code"":"""",""state"":""Nicosia"",""country"":""CY""}",,null,[],null,,,,not disclosed,Target bag ~20×17×10 cm — ask for mailer/rigid box ~22×19×12 cm (or custom die-cut) with bulk MOQ.,high
0410078f-a55d-4191-8786-71e4ad003dd7,https://www.google.com/maps/place/PIP+-+P.+IOANNIDES+PACKAGING+LTD/data=!4m7!3m6!1s0x14de2789f5686cbd:0x76a0664b20b5e739!8m2!3d34.9364414!4d33.5896284!16s%2Fg%2F11c52bbc2w!19sChIJvWxo9Ykn3hQROee1IEtmoHY?authuser=0&hl=en&g_ep=EgoyMDI2MDkxNi4wIJJjKgBIAVAD&rclk=1,PIP - P. IOANNIDES PACKAGING LTD,Packaging company,"Larnaca Industrial Estate, Troodous 2, Larnaca, Larnaka 7101, Cyprus","{""Friday"":[""8 AM–5 PM""],""Monday"":[""8 AM–5 PM""],""Saturday"":[""Closed""],""Sunday"":[""Closed""],""Thursday"":[""8 AM–5 PM""],""Tuesday"":[""8 AM–5 PM""],""Wednesday"":[""8 AM–5 PM""]}",{},http://www.pip.com.cy/,+357 24 823260,"WHPQ+HV Larnaca, Cyprus",1,5.000000,"{""1"":0,""2"":0,""3"":0,""4"":0,""5"":1}",34.936441,33.589628,8547944565606573881,,,,https://streetviewpixels-pa.googleapis.com/v1/thumbnail?panoid=zJ-Ks6DstMbC-olvpy9lIg&cb_client=search.gws-prod.grass&w=408&h=240&yaw=142.50105&pitch=0&thumbfov=100,Asia/Nicosia,,0x14de2789f5686cbd:0x76a0664b20b5e739,,ChIJvWxo9Ykn3hQROee1IEtmoHY,[],null,null,"{""link"":"""",""source"":""""}","{""id"":""103624058292642958554"",""name"":""PIP - P. IOANNIDES PACKAGING LTD (Owner)"",""link"":""https://www.google.com/maps/contrib/103624058292642958554""}","{""borough"":""Άγιος Νικόλαος"",""street"":""Larnaca Industrial Estate, Troodous 2"",""city"":""Larnaca"",""postal_code"":""7101"",""state"":""Larnaca"",""country"":""CY""}",,null,"[{""Name"":""shoaib raj"",""ProfilePicture"":""https://lh3.googleusercontent.com/a-/ALV-UjV5rEZuGbdeITUbphcx41n7x8sxTOGvjZxf4o5RAwrhx5w-M24u=s120-c-rp-mo-br100"",""Rating"":5,""Description"":"""",""Images"":null,""When"":""3 years ago"",""review_id"":""ChZDSUhNMG9nS0VJQ0FnSUNSNHZHcWJREAE"",""source"":""Google"",""rating_scale"":5,""rating_float"":5,""author_url"":""https://www.google.com/maps/contrib/111105590748258705380/reviews?hl=en"",""posted_at_unix_micros"":1680033095796650,""updated_at_unix_micros"":1680033095796650,""language"":"""",""translated_lang"":"""",""text_original"":"""",""text_translated"":"""",""published_at"":""2023-03-28T19:51:35.79665Z""}]",null,,,,not disclosed,Target bag ~20×17×10 cm — ask for mailer/rigid box ~22×19×12 cm (or custom die-cut) with bulk MOQ.,high
0410078f-a55d-4191-8786-71e4ad003dd7,https://www.google.com/maps/place/M%26G+INTERPACK+PACKAGE+SUPPLIERS+LTD/data=!4m7!3m6!1s0x14de19ed96086e97:0xc3c97976317a526!8m2!3d35.0907582!4d33.3777531!16s%2Fg%2F11htwb2c5s!19sChIJl24Ilu0Z3hQRJqUXY5eXPAw?authuser=0&hl=en&g_ep=EgoyMDI2MDkxNi4wIJJjKgBIAVAD&rclk=1,M&G INTERPACK PACKAGE SUPPLIERS LTD,Packaging company,"Tripoleos, Latsia, Lefkosia 2235, Cyprus","{""Friday"":[""8 AM–5 PM""],""Monday"":[""8 AM–5 PM""],""Saturday"":[""Closed""],""Sunday"":[""Closed""],""Thursday"":[""8 AM–5 PM""],""Tuesday"":[""8 AM–5 PM""],""Wednesday"":[""8 AM–5 PM""]}",{},https://www.mginterpackcy.com/,+357 22 574716,"39RH+84 Latsia, Cyprus",1,5.000000,"{""1"":0,""2"":0,""3"":0,""4"":0,""5"":1}",35.090758,33.377753,881746303516124454,,,,https://streetviewpixels-pa.googleapis.com/v1/thumbnail?panoid=EF9Cq_IuOKhwGv1x2UNwdQ&cb_client=search.gws-prod.grass&w=408&h=240&yaw=239.50963&pitch=0&thumbfov=100,Asia/Nicosia,,0x14de19ed96086e97:0xc3c97976317a526,,ChIJl24Ilu0Z3hQRJqUXY5eXPAw,[],null,null,"{""link"":"""",""source"":""""}","{""id"":""102654786853319755205"",""name"":""M\u0026G INTERPACK PACKAGE SUPPLIERS LTD (Owner)"",""link"":""https://www.google.com/maps/contrib/102654786853319755205""}","{""borough"":""Άγιος Γεώργιος"",""street"":""Tripoleos"",""city"":""Latsia"",""postal_code"":""2235"",""state"":""Nicosia"",""country"":""CY""}",,"[{""id"":""accessibility"",""name"":""Accessibility"",""options"":[{""name"":""Wheelchair accessible parking lot"",""enabled"":true}]}]","[{""Name"":""Armenius LTD"",""ProfilePicture"":""https://lh3.googleusercontent.com/a-/ALV-UjXIZkKqjnMPVU3AvYj8jVn-De-Y0fhyx18GRM1ylJBPIPNGnvI=s120-c-rp-mo-br100"",""Rating"":5,""Description"":""Ευγενική και καλή εξυπηρέτηση, συστήνω ανεπιφύλακτα :)"",""Images"":null,""When"":""2 years ago"",""review_id"":""ChZDSUhNMG9nS0VJQ0FnSUNsNl9HYkxBEAE"",""source"":""Google"",""rating_scale"":5,""rating_float"":5,""author_url"":""https://www.google.com/maps/contrib/106496097873126193621/reviews?hl=en"",""posted_at_unix_micros"":1701090833675590,""updated_at_unix_micros"":1701090833675590,""language"":""el"",""translated_lang"":""en"",""text_original"":""Ευγενική και καλή εξυπηρέτηση, συστήνω ανεπιφύλακτα :)"",""text_translated"":""Polite and good service, I highly recommend :)"",""published_at"":""2023-11-27T13:13:53.67559Z""}]",null,,,,not disclosed,Target bag ~20×17×10 cm — ask for mailer/rigid box ~22×19×12 cm (or custom die-cut) with bulk MOQ.,high
3ee931af-5cf6-4998-9a03-c527befb0077,https://www.google.com/maps/place/Let%27s+print+cy/data=!4m7!3m6!1s0x14e083c15ea45467:0x8f828a26af2bb40a!8m2!3d34.9187922!4d33.6291019!16s%2Fg%2F11vj6xh7_j!19sChIJZ1SkXsGD4BQRCrQrryaKgo8?authuser=0&hl=en&g_ep=EgoyMDI2MDkxNi4wIJJjKgBIAVAD&rclk=1,Let's print cy,Packaging company,"Promitheos 12-unit 4, Larnaca, Larnaka 7101, Cyprus","{""Friday"":[""8 AM–4 PM""],""Monday"":[""8 AM–4 PM""],""Saturday"":[""Closed""],""Sunday"":[""Closed""],""Thursday"":[""8 AM–4 PM""],""Tuesday"":[""8 AM–4 PM""],""Wednesday"":[""8 AM–4 PM""]}",{},https://letsprintcy.com/,+357 99 023778,"WJ9H+GJ Larnaca, Cyprus",0,0.000000,"{""1"":0,""2"":0,""3"":0,""4"":0,""5"":0}",34.918792,33.629102,10340979593148347402,,,,https://streetviewpixels-pa.googleapis.com/v1/thumbnail?panoid=MJWI5gx6OHzjrKubwsBNjw&cb_client=search.gws-prod.grass&w=408&h=240&yaw=252.33733&pitch=0&thumbfov=100,Asia/Nicosia,,0x14e083c15ea45467:0x8f828a26af2bb40a,,ChIJZ1SkXsGD4BQRCrQrryaKgo8,[],null,null,"{""link"":"""",""source"":""""}","{""id"":""101898516001771210162"",""name"":""Let's print cy (Owner)"",""link"":""https://www.google.com/maps/contrib/101898516001771210162""}","{""borough"":""Χρυσοπολίτισσα"",""street"":""Promitheos 12-unit 4"",""city"":""Larnaca"",""postal_code"":""7101"",""state"":""Larnaca"",""country"":""CY""}",,null,[],null,,,,not disclosed,Target bag ~20×17×10 cm — ask for mailer/rigid box ~22×19×12 cm (or custom die-cut) with bulk MOQ.,high
3ee931af-5cf6-4998-9a03-c527befb0077,https://www.google.com/maps/place/NIKOPLAST+LTD/data=!4m7!3m6!1s0x14de1f1db89997f9:0x4ec7ea6f49068618!8m2!3d35.0481559!4d33.3952967!16s%2Fg%2F11g7zgbw29!19sChIJ-ZeZuB0f3hQRGIYGSW_qx04?authuser=0&hl=en&g_ep=EgoyMDI2MDkxNi4wIJJjKgBIAVAD&rclk=1,NIKOPLAST LTD,Packaging company,"12, Diorios street, Dali Industrial Zone, Nicosia 2540, Cyprus","{""Friday"":[""8 AM–3:30 PM""],""Monday"":[""8 AM–4:30 PM""],""Saturday"":[""Closed""],""Sunday"":[""Closed""],""Thursday"":[""8 AM–4:30 PM""],""Tuesday"":[""8 AM–4:30 PM""],""Wednesday"":[""8 AM–4:30 PM""]}",{},http://www.nikoplastltd.com/,+357 22 461116,"29XW+74 Dali, Cyprus",1,5.000000,"{""1"":0,""2"":0,""3"":0,""4"":0,""5"":1}",35.048156,33.395297,5676763619011233304,,,,https://streetviewpixels-pa.googleapis.com/v1/thumbnail?panoid=oCNjH3s0fiBPKikHpbK_rw&cb_client=search.gws-prod.grass&w=408&h=240&yaw=251.19615&pitch=0&thumbfov=100,Asia/Nicosia,,0x14de1f1db89997f9:0x4ec7ea6f49068618,,ChIJ-ZeZuB0f3hQRGIYGSW_qx04,[],null,null,"{""link"":"""",""source"":""""}","{""id"":"""",""name"":""NIKOPLAST LTD (Owner)"",""link"":""""}","{""borough"":""Παναγία Ευαγγελίστρια"",""street"":""12, Diorios street, Dali Industrial Zone"",""city"":""Dali"",""postal_code"":""2540"",""state"":""Nicosia"",""country"":""CY""}",,"[{""id"":""accessibility"",""name"":""Accessibility"",""options"":[{""name"":""Wheelchair accessible entrance"",""enabled"":true},{""name"":""Wheelchair accessible parking lot"",""enabled"":true}]}]","[{""Name"":""ratan fakir"",""ProfilePicture"":""https://lh3.googleusercontent.com/a-/ALV-UjU-_NHlDf1cOXYbs-hrbs_fAa6sI5YuUgHZEZff2u5-LM5MG6o=s120-c-rp-mo-br100"",""Rating"":5,""Description"":"""",""Images"":null,""When"":""2 months ago"",""review_id"":""Ci9DQUlRQUNvZENodHljRjlvT2w5eFFVOTRWVzQzTTFveVNGVTFhM0ZOUlZaS1ZYYxAB"",""source"":""Google"",""rating_scale"":5,""rating_float"":5,""author_url"":""https://www.google.com/maps/contrib/101376908228643907381/reviews?hl=en"",""posted_at_unix_micros"":1783488528942465,""updated_at_unix_micros"":1783488528942465,""language"":"""",""translated_lang"":"""",""text_original"":"""",""text_translated"":"""",""published_at"":""2026-07-08T05:28:48.942465Z""}]",null,,,,not disclosed,Target bag ~20×17×10 cm — ask for mailer/rigid box ~22×19×12 cm (or custom die-cut) with bulk MOQ.,high
3ee931af-5cf6-4998-9a03-c527befb0077,https://www.google.com/maps/place/Birch+Enterprises/data=!4m7!3m6!1s0x14de1fc90c2ac1ed:0x94e3fd82951799c5!8m2!3d35.0432385!4d33.3920395!16s%2Fg%2F11w5bg13c_!19sChIJ7cEqDMkf3hQRxZkXlYL945Q?authuser=0&hl=en&g_ep=EgoyMDI2MDkxNi4wIJJjKgBIAVAD&rclk=1,Birch Enterprises,Packaging company,"Aretis 1, Nisou, Lefkosia 2571, Cyprus","{""Friday"":[""8 AM–4 PM""],""Monday"":[""8 AM–4 PM""],""Saturday"":[""Closed""],""Sunday"":[""Closed""],""Thursday"":[""8 AM–4 PM""],""Tuesday"":[""8 AM–4 PM""],""Wednesday"":[""8 AM–4 PM""]}",{},https://birchenterprises.com.cy/,+357 22 481995,"29VR+7R Nisou, Cyprus",1,5.000000,"{""1"":0,""2"":0,""3"":0,""4"":0,""5"":1}",35.043239,33.392039,10728697474615581125,,,,https://streetviewpixels-pa.googleapis.com/v1/thumbnail?panoid=ZtfmXGqhLCY8j-GznRM7fg&cb_client=search.gws-prod.grass&w=408&h=240&yaw=134.47212&pitch=0&thumbfov=100,Asia/Nicosia,,0x14de1fc90c2ac1ed:0x94e3fd82951799c5,,ChIJ7cEqDMkf3hQRxZkXlYL945Q,[],null,null,"{""link"":"""",""source"":""""}","{""id"":"""",""name"":""Birch Enterprises (Owner)"",""link"":""""}","{""borough"":"""",""street"":""Aretis 1"",""city"":""Nisou"",""postal_code"":""2571"",""state"":""Nicosia"",""country"":""CY""}",,null,"[{""Name"":""Gregoris Gregoriou"",""ProfilePicture"":""https://lh3.googleusercontent.com/a-/ALV-UjVTohEYDM0ZNqpuSEZuQuhBkkxgm3EQd5ghkpK1wMKK5GSTWodUiw=s120-c-rp-mo-ba12-br100"",""Rating"":5,""Description"":"""",""Images"":null,""When"":""4 months ago"",""review_id"":""Ci9DQUlRQUNvZENodHljRjlvT21wd1drbHVhVE00VkhGQlEyRkpSRTlpYVc1SlNYYxAB"",""source"":""Google"",""rating_scale"":5,""rating_float"":5,""author_url"":""https://www.google.com/maps/contrib/100960599665923028506/reviews?hl=en"",""posted_at_unix_micros"":1777702135263082,""updated_at_unix_micros"":1777702135263082,""language"":"""",""translated_lang"":"""",""text_original"":"""",""text_translated"":"""",""published_at"":""2026-05-02T06:08:55.263082Z""}]",null,,,,not disclosed,Target bag ~20×17×10 cm — ask for mailer/rigid box ~22×19×12 cm (or custom die-cut) with bulk MOQ.,high
52dcb587-4d31-4a5e-94de-c0d50d7bd1e5,https://www.google.com/maps/place/%CE%9Aelifos+exclusive+packaging/data=!4m7!3m6!1s0x14de175f6bdcb545:0x8738c184464e6180!8m2!3d35.161815!4d33.3671492!16s%2Fg%2F11fzb7p3p5!19sChIJRbXca18X3hQRgGFORoTBOIc?authuser=0&hl=en&g_ep=EgoyMDI2MDkxNi4wIJJjKgBIAVAD&rclk=1,Κelifos exclusive packaging,Packaging supply store,"Λεωφ. Αρχιεπισκόπου Μακαρίου Γ' 67Γ, Nicosia, Lefkosia 1070, Cyprus",{},{},http://www.kelifos.com/,+357 22 210696,5968+PV Nicosia,2,5.000000,"{""1"":0,""2"":0,""3"":0,""4"":0,""5"":2}",35.161815,33.367149,9743750567675453824,CLOSED,,,https://lh3.googleusercontent.com/grass-cs/ACvplmNDQzcQEprRrQ48GutrIvDMTqmV0gE7Y8So4uaUC-8h3wMSD6McfKBI1SPZIn6ERcLEa_nwo-WN837GNnRyxi9LG_cEEXVQUXeNpA6S9Bi9OmJNOrEdOaT3bDduAUtbmy8I0wgB=w408-h544-k-no,Asia/Nicosia,,0x14de175f6bdcb545:0x8738c184464e6180,,ChIJRbXca18X3hQRgGFORoTBOIc,[],null,null,"{""link"":"""",""source"":""""}","{""id"":"""",""name"":""Κelifos exclusive packaging (Owner)"",""link"":""""}","{""borough"":""Άγιος Αντώνιος"",""street"":""Λεωφ. Αρχιεπισκόπου Μακαρίου Γ' 67Γ"",""city"":""Nicosia"",""postal_code"":""1070"",""state"":""Nicosia"",""country"":""CY""}",,null,"[{""Name"":""Irene H"",""ProfilePicture"":""https://lh3.googleusercontent.com/a/ACg8ocJ3_z-U372ghJz50FGcUJbH53Y6pf8x9GiagDuhaUkAtUXfXA=s120-c-rp-mo-ba12-br100"",""Rating"":5,""Description"":""Excellent store and customer service. I am very happy with my custom order. They have a wide range of boxes and colours to choose from and can customise them for you if needed."",""Images"":null,""When"":""6 years ago"",""review_id"":""ChZDSUhNMG9nS0VJQ0FnSUQ4Z2RHTGNBEAE"",""source"":""Google"",""rating_scale"":5,""rating_float"":5,""author_url"":""https://www.google.com/maps/contrib/107412018701146913288/reviews?hl=en"",""posted_at_unix_micros"":1595095060900759,""updated_at_unix_micros"":1595095060900759,""language"":""en"",""translated_lang"":"""",""text_original"":""Excellent store and customer service. I am very happy with my custom order. They have a wide range of boxes and colours to choose from and can customise them for you if needed."",""text_translated"":"""",""published_at"":""2020-07-18T17:57:40.900759Z""},{""Name"":""Alexander Andritsakis"",""ProfilePicture"":""https://lh3.googleusercontent.com/a-/ALV-UjUzdEp5ne3H5aFQbpPIWsppk0YilWosW7gyXzrlNspcX7Ufru_ZmA=s120-c-rp-mo-ba12-br100"",""Rating"":5,""Description"":""Ένα υπέροχο κατάστημα για το αμπαλάζ και όχι μόνο...\nΑξίζει να το επισκεφθείτε 👍"",""Images"":null,""When"":""6 years ago"",""review_id"":""ChZDSUhNMG9nS0VJQ0FnSUNzdTktRGN3EAE"",""source"":""Google"",""rating_scale"":5,""rating_float"":5,""author_url"":""https://www.google.com/maps/contrib/107605668475403512690/reviews?hl=en"",""posted_at_unix_micros"":1581797628206823,""updated_at_unix_micros"":1581797628206823,""language"":""el"",""translated_lang"":""en"",""text_original"":""Ένα υπέροχο κατάστημα για το αμπαλάζ και όχι μόνο...\nΑξίζει να το επισκεφθείτε 👍"",""text_translated"":""A great store for packaging and more...\nWorth a visit 👍"",""published_at"":""2020-02-15T20:13:48.206823Z""}]",null,,,,not disclosed,Target bag ~20×17×10 cm — ask for mailer/rigid box ~22×19×12 cm (or custom die-cut) with bulk MOQ.,high
afe92ca9-80d2-41f9-938b-b8380a149068,https://www.google.com/maps/place/Geopack+Cyprus/data=!4m7!3m6!1s0x14de27b7c4f447ab:0x9fd2909582e50354!8m2!3d34.9248855!4d33.5874905!16s%2Fg%2F11vzty82q8!19sChIJq0f0xLcn3hQRVAPlgpWQ0p8?authuser=0&hl=en&g_ep=EgoyMDI2MDkxNi4wIJJjKgBIAVAD&rclk=1,Geopack Cyprus,Packaging company,"Archiepiskopou Paisiou 71A, Larnaca, Larnaka 6041, Cyprus","{""Friday"":[""9 AM–6 PM""],""Monday"":[""9 AM–6 PM""],""Saturday"":[""Closed""],""Sunday"":[""Closed""],""Thursday"":[""9 AM–6 PM""],""Tuesday"":[""9 AM–6 PM""],""Wednesday"":[""9 AM–6 PM""]}",{},https://www.geopack.com.cy/?utm_source=google&utm_medium=wix_google_business_profile&utm_campaign=10571673710364594773,+357 70 001046,"WHFP+XX Larnaca, Cyprus",12,5.000000,"{""1"":0,""2"":0,""3"":0,""4"":0,""5"":12}",34.924885,33.587491,11516426168960353108,,,,https://lh3.googleusercontent.com/grass-cs/ACvplmMoo6dTsOm_ZHP7g7k0N6-oa4-sIIA0CGzP4GVMb67M_cxgwUMfRdHYO9s-X8ywuAeKEjwFceAN9L4P4FWSJ50yZ1lftkRDWN_GapWXu59PBh9o6pPmMvYmBBiIIk3Szk6AVCZ6=w426-h240-k-no,Asia/Nicosia,,0x14de27b7c4f447ab:0x9fd2909582e50354,,ChIJq0f0xLcn3hQRVAPlgpWQ0p8,[],null,null,"{""link"":"""",""source"":""""}","{""id"":""110387893600106474078"",""name"":""Geopack Cyprus (Owner)"",""link"":""https://www.google.com/maps/contrib/110387893600106474078""}","{""borough"":""Άγιος Φανούριος"",""street"":""Archiepiskopou Paisiou 71A"",""city"":""Larnaca"",""postal_code"":""6041"",""state"":""Larnaca"",""country"":""CY""}",,null,"[{""Name"":""Roulla Panteli"",""ProfilePicture"":""https://lh3.googleusercontent.com/a-/ALV-UjXWyWB5cHhj5OLdLQpkQ_ZjPhep9NafjqV_u2xG5NkQf71gEgnV=s120-c-rp-mo-br100"",""Rating"":5,""Description"":""Very professional company with very good prices!!!!"",""Images"":null,""When"":""2 years ago"",""review_id"":""ChZDSUhNMG9nS0VJQ0FnSURUeWV6QWFnEAE"",""source"":""Google"",""rating_scale"":5,""rating_float"":5,""author_url"":""https://www.google.com/maps/contrib/107581454555881256518/reviews?hl=en"",""posted_at_unix_micros"":1716659312662846,""updated_at_unix_micros"":1716659312662846,""language"":""en"",""translated_lang"":"""",""text_original"":""Very professional company with very good prices!!!!"",""text_translated"":"""",""reply_text_original"":""Thank you so much for your kind words! We are thrilled to hear that you find our company and prices to your satisfaction. Your feedback is greatly appreciated and motivates us to continue providing excellent service. We look forward to serving you again soon!"",""reply_language"":""en"",""reply_posted_at_unix_micros"":1716664095000000,""reply_updated_at_unix_micros"":1716664095000000,""published_at"":""2024-05-25T17:48:32.662846Z""},{""Name"":""ΧΑΡΟΥΛΛΑ ΙΩΑΝΝΟΥ"",""ProfilePicture"":""https://lh3.googleusercontent.com/a-/ALV-UjVdJ95VeJU-bSffPTr1Xu5_FvLdJCK8aMI3pFlhc2YBHGw5LMyz=s120-c-rp-mo-br100"",""Rating"":5,""Description"":""Άριστη ποιότητα και άψογη εξυπηρέτηση!!"",""Images"":null,""When"":""2 years ago"",""review_id"":""ChZDSUhNMG9nS0VJQ0FnSURUZzkyeVRnEAE"",""source"":""Google"",""rating_scale"":5,""rating_float"":5,""author_url"":""https://www.google.com/maps/contrib/106237893955967070412/reviews?hl=en"",""posted_at_unix_micros"":1716783538440151,""updated_at_unix_micros"":1716783538440151,""language"":""el"",""translated_lang"":""en"",""text_original"":""Άριστη ποιότητα και άψογη εξυπηρέτηση!!"",""text_translated"":""Excellent quality and impeccable service!!"",""published_at"":""2024-05-27T04:18:58.440151Z""},{""Name"":""Nectarios Souglis"",""ProfilePicture"":""https://lh3.googleusercontent.com/a/ACg8ocLBy_TSjSwevso85tfxCX57uD0VfpKQz_oLx6f49YmgqYD-=s120-c-rp-mo-br100"",""Rating"":5,""Description"":""10/10 !!"",""Images"":null,""When"":""2 years ago"",""review_id"":""ChZDSUhNMG9nS0VJQ0FnSURUeWNXWllREAE"",""source"":""Google"",""rating_scale"":5,""rating_float"":5,""author_url"":""https://www.google.com/maps/contrib/108079396444707969752/reviews?hl=en"",""posted_at_unix_micros"":1716661442160080,""updated_at_unix_micros"":1716661442160080,""language"":""el"",""translated_lang"":"""",""text_original"":""10/10 !!"",""text_translated"":"""",""published_at"":""2024-05-25T18:24:02.16008Z""},{""Name"":""Dinos Stylianou"",""ProfilePicture"":""https://lh3.googleusercontent.com/a/ACg8ocItrNf3M9SwGmgSmYYVIaWpnV8CdNjrrYxJAATV0s4VypSHDQ=s120-c-rp-mo-br100"",""Rating"":5,""Description"":"""",""Images"":null,""When"":""2 years ago"",""review_id"":""ChdDSUhNMG9nS0VJQ0FnSURUNjZfZTF3RRAB"",""source"":""Google"",""rating_scale"":5,""rating_float"":5,""author_url"":""https://www.google.com/maps/contrib/104222679938418396936/reviews?hl=en"",""posted_at_unix_micros"":1716883232329155,""updated_at_unix_micros"":1716883232329155,""language"":"""",""translated_lang"":"""",""text_original"":"""",""text_translated"":"""",""published_at"":""2024-05-28T08:00:32.329155Z""},{""Name"":""PENELOPE SYNESIOU"",""ProfilePicture"":""https://lh3.googleusercontent.com/a-/ALV-UjW5bu-tmB9mdasMn6zEzjFLQdtIJnd73cI0S3AKYWiEyzG_uVE=s120-c-rp-mo-br100"",""Rating"":5,""Description"":"""",""Images"":null,""When"":""2 years ago"",""review_id"":""ChZDSUhNMG9nS0VJQ0FnSURUc19hRElnEAE"",""source"":""Google"",""rating_scale"":5,""rating_float"":5,""author_url"":""https://www.google.com/maps/contrib/107655853355654987083/reviews?hl=en"",""posted_at_unix_micros"":1716829646429141,""updated_at_unix_micros"":1716829646429141,""language"":"""",""translated_lang"":"""",""text_original"":"""",""text_translated"":"""",""published_at"":""2024-05-27T17:07:26.429141Z""}]",null,,,,not disclosed,Target bag ~20×17×10 cm — ask for mailer/rigid box ~22×19×12 cm (or custom die-cut) with bulk MOQ.,high
afe92ca9-80d2-41f9-938b-b8380a149068,https://www.google.com/maps/place/PULPACK/data=!4m7!3m6!1s0x14e09d50b7934fed:0x38ee7f12ed15b5fd!8m2!3d34.9005026!4d33.5642246!16s%2Fg%2F11vxxyy2fk!19sChIJ7U-Tt1Cd4BQR_bUV7RJ_7jg?authuser=0&hl=en&g_ep=EgoyMDI2MDkxNi4wIJJjKgBIAVAD&rclk=1,PULPACK,Packaging company,"Pindarou 34, Aradippou, Larnaka 7100, Cyprus","{""Friday"":[""8 AM–4 PM""],""Monday"":[""8 AM–4 PM""],""Saturday"":[""Closed""],""Sunday"":[""Closed""],""Thursday"":[""8 AM–4 PM""],""Tuesday"":[""8 AM–4 PM""],""Wednesday"":[""8 AM–4 PM""]}",{},https://pulpack.eu/,+357 95 137119,"WH27+6M Aradippou, Cyprus",1,5.000000,"{""1"":0,""2"":0,""3"":0,""4"":0,""5"":1}",34.900503,33.564225,4102356029844862461,,,,https://lh3.googleusercontent.com/grass-cs/ACvplmNuM-5AuFuPMyCoVQGWMQrpAVA0YMM0743sdkANhKJGSJ2jAyHhByAHUcHh0dOb9fnHdUNp-chwz7D2Y6NAGlfOki85GM0iH050YAHhy11jZVQvUqmsm2bG2s5byF7IbXl0o_Irdg=w408-h306-k-no,Asia/Nicosia,,0x14e09d50b7934fed:0x38ee7f12ed15b5fd,,ChIJ7U-Tt1Cd4BQR_bUV7RJ_7jg,[],null,null,"{""link"":"""",""source"":""""}","{""id"":""115238663447179806683"",""name"":""PULPACK (Owner)"",""link"":""https://www.google.com/maps/contrib/115238663447179806683""}","{""borough"":""Βλάχος"",""street"":""Pindarou 34"",""city"":""Aradippou"",""postal_code"":""7100"",""state"":""Larnaca"",""country"":""CY""}",,null,"[{""Name"":""Владислав Соколенко"",""ProfilePicture"":""https://lh3.googleusercontent.com/a-/ALV-UjVVN7FtP8IcbHZgtpp0bAHlJE11m63K4E60Zyza9V54N7Botd4y=s120-c-rp-mo-br100"",""Rating"":5,""Description"":"""",""Images"":[""https://lh3.googleusercontent.com/grass-cs/ACvplmNuM-5AuFuPMyCoVQGWMQrpAVA0YMM0743sdkANhKJGSJ2jAyHhByAHUcHh0dOb9fnHdUNp-chwz7D2Y6NAGlfOki85GM0iH050YAHhy11jZVQvUqmsm2bG2s5byF7IbXl0o_Irdg=k-no""],""When"":""a year ago"",""review_id"":""ChdDSUhNMG9nS0VJQ0FnTUNJbFpMazFnRRAB"",""source"":""Google"",""rating_scale"":5,""rating_float"":5,""author_url"":""https://www.google.com/maps/contrib/109177943756718128086/reviews?hl=en"",""posted_at_unix_micros"":1743695317619448,""updated_at_unix_micros"":1743695317619448,""language"":"""",""translated_lang"":"""",""text_original"":"""",""text_translated"":"""",""published_at"":""2025-04-03T15:48:37.619448Z""}]",null,,,,not disclosed,Target bag ~20×17×10 cm — ask for mailer/rigid box ~22×19×12 cm (or custom die-cut) with bulk MOQ.,high
0410078f-a55d-4191-8786-71e4ad003dd7,https://www.google.com/maps/place/KEDROPACK+-+Luxury+Packaging+LTD./data=!4m7!3m6!1s0x14e09dadfa0025df:0x6103d9aacaa46116!8m2!3d35.0190017!4d33.7476188!16s%2Fg%2F11sgkfn5ts!19sChIJ3yUA-q2d4BQRFmGkyqrZA2E?authuser=0&hl=en&g_ep=EgoyMDI2MDkxNi4wIJJjKgBIAVAD&rclk=1,KEDROPACK - Luxury Packaging LTD.,Packaging supply store,"16, MIXALAKI PARIDI 7510, Xylotymvou, Cyprus","{""Friday"":[""8 AM–5 PM""],""Monday"":[""8 AM–5 PM""],""Saturday"":[""8 AM–1:30 PM""],""Sunday"":[""Closed""],""Thursday"":[""8 AM–5 PM""],""Tuesday"":[""8 AM–5 PM""],""Wednesday"":[""8 AM–5 PM""]}",{},,+357 95 724433,"2P9X+J2 Xylotymvou, Cyprus",1,5.000000,"{""1"":0,""2"":0,""3"":0,""4"":0,""5"":1}",35.019002,33.747619,6990670374176579862,,,,,Asia/Nicosia,,0x14e09dadfa0025df:0x6103d9aacaa46116,,ChIJ3yUA-q2d4BQRFmGkyqrZA2E,[],null,null,"{""link"":"""",""source"":""""}","{""id"":""105046289391212954017"",""name"":""KEDROPACK - Luxury Packaging LTD. (Owner)"",""link"":""https://www.google.com/maps/contrib/105046289391212954017""}","{""borough"":"""",""street"":""16, MIXALAKI PARIDI 7510"",""city"":""Xylotymvou"",""postal_code"":"""",""state"":""Larnaca"",""country"":""CY""}",,"[{""id"":""accessibility"",""name"":""Accessibility"",""options"":[{""name"":""Wheelchair accessible parking lot"",""enabled"":true}]}]","[{""Name"":""COSTAS ELLINAS"",""ProfilePicture"":""https://lh3.googleusercontent.com/a-/ALV-UjW_xZoxgTH0TyeHDaNVkuJfdSrKA0kWxrn2n7ghJCuoi5V2x6Aybw=s120-c-rp-mo-br100"",""Rating"":5,""Description"":""Αα"",""Images"":null,""When"":""Edited 3 years ago"",""review_id"":""ChdDSUhNMG9nS0VJQ0FnSUNKcDRPY21nRRAB"",""source"":""Google"",""rating_scale"":5,""rating_float"":5,""author_url"":""https://www.google.com/maps/contrib/103806090574534300485/reviews?hl=en"",""posted_at_unix_micros"":1688647147312567,""updated_at_unix_micros"":1690637621762183,""language"":""el"",""translated_lang"":""en"",""text_original"":""Αα"",""text_translated"":""Aa"",""published_at"":""2023-07-06T12:39:07.312567Z""}]",null,,,,not disclosed,Target bag ~20×17×10 cm — ask for mailer/rigid box ~22×19×12 cm (or custom die-cut) with bulk MOQ.,high
0410078f-a55d-4191-8786-71e4ad003dd7,https://www.google.com/maps/place/ArnosTech+Ltd/data=!4m7!3m6!1s0x14de19932fff79a5:0x79da24bef1297c61!8m2!3d35.0852064!4d33.3848862!16s%2Fg%2F11yynw43f5!19sChIJpXn_L5MZ3hQRYXwp8b4k2nk?authuser=0&hl=en&g_ep=EgoyMDI2MDkxNi4wIJJjKgBIAVAD&rclk=1,ArnosTech Ltd,Packaging supply store,"Kykladon 1, Latsia, Lefkosia 2234, Cyprus","{""Friday"":[""8 AM–5 PM""],""Monday"":[""8 AM–5 PM""],""Saturday"":[""Closed""],""Sunday"":[""Closed""],""Thursday"":[""8 AM–5 PM""],""Tuesday"":[""8 AM–5 PM""],""Wednesday"":[""8 AM–5 PM""]}",{},,,"39PM+3X Latsia, Cyprus",1,5.000000,"{""1"":0,""2"":0,""3"":0,""4"":0,""5"":1}",35.085206,33.384886,8780370826020617313,,,,https://lh3.googleusercontent.com/grass-cs/ACvplmPzTQamwsk2d_kM3NtTGwal2raOk8LiKJ10BJ0DrBNTuZfbiwJuGCxhsE27ElOMxuAGZVckAA_ErL15fvnvz259vxJnW6dh_1hDjs7kSAoZN1JcESaqV1R8Bt9y-6AHPL1y87ZdRGjGnx2t=w408-h306-k-no,Asia/Nicosia,,0x14de19932fff79a5:0x79da24bef1297c61,,ChIJpXn_L5MZ3hQRYXwp8b4k2nk,[],null,null,"{""link"":"""",""source"":""""}","{""id"":""111578451726378234315"",""name"":""ArnosTech Ltd (Owner)"",""link"":""https://www.google.com/maps/contrib/111578451726378234315""}","{""borough"":""Άγιος Γεώργιος"",""street"":""Kykladon 1"",""city"":""Latsia"",""postal_code"":""2234"",""state"":""Nicosia"",""country"":""CY""}",,null,"[{""Name"":""Ζαχαρίας Φλουρεντζου"",""ProfilePicture"":""https://lh3.googleusercontent.com/a-/ALV-UjWTb-TFGYlxcuoiqPQR8373PyoU1Nx9wgwMVBDCgRTmy5RbSCC0=s120-c-rp-mo-ba12-br100"",""Rating"":5,""Description"":"""",""Images"":null,""When"":""7 months ago"",""review_id"":""Ci9DQUlRQUNvZENodHljRjlvT2sxcVFra3hWVzVtUmpSTE0yaFFSazlNVkZnM1kzYxAB"",""source"":""Google"",""rating_scale"":5,""rating_float"":5,""author_url"":""https://www.google.com/maps/contrib/103666344685615107191/reviews?hl=en"",""posted_at_unix_micros"":1770990815055715,""updated_at_unix_micros"":1770990815055715,""language"":"""",""translated_lang"":"""",""text_original"":"""",""text_translated"":"""",""published_at"":""2026-02-13T13:53:35.055715Z""}]",null,,,,not disclosed,Target bag ~20×17×10 cm — ask for mailer/rigid box ~22×19×12 cm (or custom die-cut) with bulk MOQ.,high
b945ef6b-c6d2-4119-a439-c4e4180474d1,https://www.google.com/maps/place/Morpack+Cyprus/data=!4m7!3m6!1s0x14e73304baa68315:0xb8f4b9c3b80f063a!8m2!3d34.6688601!4d32.9919681!16s%2Fg%2F1tkp205_!19sChIJFYOmugQz5xQROgYPuMO59Lg?authuser=0&hl=en&g_ep=EgoyMDI2MDkxNi4wIJJjKgBIAVAD&rclk=1,Morpack Cyprus,Plastic fabrication company,"iliou, Street, Lemesos 3056, Cyprus","{""Friday"":[""8 AM–1 PM"",""1:45–4 PM""],""Monday"":[""8 AM–1 PM"",""1:45–4 PM""],""Saturday"":[""Closed""],""Sunday"":[""Closed""],""Thursday"":[""8 AM–1 PM"",""1:45–4 PM""],""Tuesday"":[""8 AM–1 PM"",""1:45–4 PM""],""Wednesday"":[""8 AM–1 PM"",""1:45–4 PM""]}",{},http://www.morpack.com.cy/,+357 25 434000,"MX9R+GQ Limassol, Cyprus",45,4.700000,"{""1"":2,""2"":1,""3"":1,""4"":0,""5"":41}",34.668860,32.991968,13327481447553893946,,,,https://lh3.googleusercontent.com/grass-cs/ACvplmPudrRwh3vlSjyvybj1FpYS1BKX7yLONcgzhQy_XgDjmXPu2CboF1PcCBJEWnU681bTdvpwAs0Om1wL_KgQFSKollCcgEbUldeohbflhorXXlZRMrBYE5MKLOiAg9rGJaArqiV3Qg=w426-h240-k-no,Asia/Nicosia,,0x14e73304baa68315:0xb8f4b9c3b80f063a,,ChIJFYOmugQz5xQROgYPuMO59Lg,[],null,null,"{""link"":"""",""source"":""""}","{""id"":""117696390791449129876"",""name"":""Morpack Cyprus (Owner)"",""link"":""https://www.google.com/maps/contrib/117696390791449129876""}","{""borough"":""Άγιος Σπυρίδωνας"",""street"":""iliou"",""city"":""Street"",""postal_code"":""3056"",""state"":""Limassol"",""country"":""CY""}",,"[{""id"":""accessibility"",""name"":""Accessibility"",""options"":[{""name"":""Wheelchair accessible restroom"",""enabled"":false},{""name"":""Wheelchair accessible seating"",""enabled"":false}]}]","[{""Name"":""toure bamara"",""ProfilePicture"":""https://lh3.googleusercontent.com/a-/ALV-UjW-OoErrWgAfpDIzCLRLMHJULIYck01pe_GreRdQB5iK_bDSJqH=s120-c-rp-mo-br100"",""Rating"":5,""Description"":""I am really impressed by the quality of the services offered by this biodegradable product delivery company! 🌿 Not only are their products eco-friendly and environmentally friendly, but their service is fast and reliable. I particularly appreciate the importance they place on reducing the carbon footprint through sustainable delivery options. It is great to see a company that combines efficiency, quality and ecological responsibility. I highly recommend their services to anyone looking to make a greener choice for their daily consumption. Kudos to the entire team for their commitment to the planet!"",""Images"":null,""When"":""a year ago"",""review_id"":""ChdDSUhNMG9nS0VJQ0FnSURfbjV5VjR3RRAB"",""source"":""Google"",""rating_scale"":5,""rating_float"":5,""author_url"":""https://www.google.com/maps/contrib/118436064391847928498/reviews?hl=en"",""posted_at_unix_micros"":1738061061383483,""updated_at_unix_micros"":1738061061383483,""language"":""en"",""translated_lang"":"""",""text_original"":""I am really impressed by the quality of the services offered by this biodegradable product delivery company! 🌿 Not only are their products eco-friendly and environmentally friendly, but their service is fast and reliable. I particularly appreciate the importance they place on reducing the carbon footprint through sustainable delivery options. It is great to see a company that combines efficiency, quality and ecological responsibility. I highly recommend their services to anyone looking to make a greener choice for their daily consumption. Kudos to the entire team for their commitment to the planet!"",""text_translated"":"""",""published_at"":""2025-01-28T10:44:21.383483Z""},{""Name"":""Faruque Hoque"",""ProfilePicture"":""https://lh3.googleusercontent.com/a-/ALV-UjVTDHGXYC58W6kdzMuj90qTYkXQJhqt9Kcxd6N8ij7V1hAW9yFmhQ=s120-c-rp-mo-br100"",""Rating"":5,""Description"":""“Always reliable! We’ve been using their services for 13 years, and the customer service has always been outstanding. Happy, helpful staff like Christina are the reason happy customers keep coming back. Thank you, Christina, for 13 years of dedication!”\n\nFaruk from saffron restaurants in Cyprus."",""Images"":null,""When"":""a year ago"",""review_id"":""ChZDSUhNMG9nS0VJQ0FnTURJdWJxblpBEAE"",""source"":""Google"",""rating_scale"":5,""rating_float"":5,""author_url"":""https://www.google.com/maps/contrib/113497154032910283557/reviews?hl=en"",""posted_at_unix_micros"":1744370291583522,""updated_at_unix_micros"":1744370291583522,""language"":""en"",""translated_lang"":"""",""text_original"":""“Always reliable! We’ve been using their services for 13 years, and the customer service has always been outstanding. Happy, helpful staff like Christina are the reason happy customers keep coming back. Thank you, Christina, for 13 years of dedication!”\n\nFaruk from saffron restaurants in Cyprus."",""text_translated"":"""",""published_at"":""2025-04-11T11:18:11.583522Z""},{""Name"":""Thekla Constantinou"",""ProfilePicture"":""https://lh3.googleusercontent.com/a/ACg8ocLXhtpli43Yo9daPczSr1u8MaJBKVf-yaxfCNJeol4lPQSpqw=s120-c-rp-mo-ba12-br100"",""Rating"":5,""Description"":""We have been using Morpack for over 15 years for our custom coasters, Napkins. They are amazing quality and above all good customer service even if it's a last minute order they always come up with a solution! Keep up the good work guys! Highly recommended 👌"",""Images"":null,""When"":""a year ago"",""review_id"":""ChZDSUhNMG9nS0VJQ0FnSURfbjdpeVlBEAE"",""source"":""Google"",""rating_scale"":5,""rating_float"":5,""author_url"":""https://www.google.com/maps/contrib/103989994730035280926/reviews?hl=en"",""posted_at_unix_micros"":1738060466209369,""updated_at_unix_micros"":1738060466209369,""language"":""en"",""translated_lang"":"""",""text_original"":""We have been using Morpack for over 15 years for our custom coasters, Napkins. They are amazing quality and above all good customer service even if it's a last minute order they always come up with a solution! Keep up the good work guys! Highly recommended 👌"",""text_translated"":"""",""published_at"":""2025-01-28T10:34:26.209369Z""},{""Name"":""Alexandra Loizou"",""ProfilePicture"":""https://lh3.googleusercontent.com/a/ACg8ocKuaILZ2QWabWn0G3svEnOhznrXHBp0VAoSNqZjeR4-VJxxBw=s120-c-rp-mo-br100"",""Rating"":5,""Description"":""Morpack Cyprus Ltd has been our trusted packaging supplier since 2017. Their high-quality products and attentive service have consistently met our needs.\n\nI Highly recommend them."",""Images"":null,""When"":""a year ago"",""review_id"":""ChdDSUhNMG9nS0VJQ0FnTUNncExpYWxRRRAB"",""source"":""Google"",""rating_scale"":5,""rating_float"":5,""author_url"":""https://www.google.com/maps/contrib/107904366171022157418/reviews?hl=en"",""posted_at_unix_micros"":1739520286161346,""updated_at_unix_micros"":1739520286161346,""language"":""en"",""translated_lang"":"""",""text_original"":""Morpack Cyprus Ltd has been our trusted packaging supplier since 2017. Their high-quality products and attentive service have consistently met our needs.\n\nI Highly recommend them."",""text_translated"":"""",""published_at"":""2025-02-14T08:04:46.161346Z""},{""Name"":""Louis"",""ProfilePicture"":""https://lh3.googleusercontent.com/a/ACg8ocJtlXbCLvtc8vRzyY6_7JnIEGClsENuXWKzFQguq_TrACeBnA=s120-c-rp-mo-ba12-br100"",""Rating"":1,""Description"":""These people are very unprofessional! I sent them the items that i need an offer for weeks ago, i went again to follow up with my designer and see where are the prices and ask for more items. After the 2nd meeting of 20 days, they totally forgot about us. The son told me over the phone because he wasn't there and i was telling him that they're not professional:\"" daxi\"" the offer is not ready yet. Like I'm ordering a ship. Treatment of clients is as much important as prices. Stay away from these people"",""Images"":null,""When"":""a year ago"",""review_id"":""ChZDSUhNMG9nS0VJQ0FnSURfcjVMcldnEAE"",""source"":""Google"",""rating_scale"":5,""rating_float"":1,""author_url"":""https://www.google.com/maps/contrib/105304223074201223853/reviews?hl=en"",""posted_at_unix_micros"":1738050447144014,""updated_at_unix_micros"":1738050447144014,""language"":""en"",""translated_lang"":"""",""text_original"":""These people are very unprofessional! I sent them the items that i need an offer for weeks ago, i went again to follow up with my designer and see where are the prices and ask for more items. After the 2nd meeting of 20 days, they totally forgot about us. The son told me over the phone because he wasn't there and i was telling him that they're not professional:\"" daxi\"" the offer is not ready yet. Like I'm ordering a ship. Treatment of clients is as much important as prices. Stay away from these people"",""text_translated"":"""",""published_at"":""2025-01-28T07:47:27.144014Z""}]",null,,,,not disclosed,Target bag ~20×17×10 cm — ask for mailer/rigid box ~22×19×12 cm (or custom die-cut) with bulk MOQ.,medium
b945ef6b-c6d2-4119-a439-c4e4180474d1,https://www.google.com/maps/place/Elipack+%27The+Packaging+Specialists%27+%28Offices+and+Warehouse%29/data=!4m7!3m6!1s0x14e7337e626316f9:0x8eb65e20de6691e9!8m2!3d34.7040495!4d32.9591677!16s%2Fg%2F11h76ly3v9!19sChIJ-RZjYn4z5xQR6ZFm3iBeto4?authuser=0&hl=en&g_ep=EgoyMDI2MDkxNi4wIJJjKgBIAVAD&rclk=1,Elipack 'The Packaging Specialists' (Offices and Warehouse),Suppliers,"Anexartisias 14, Ypsonas, Lemesos 4180, Cyprus","{""Friday"":[""8 AM–4:30 PM""],""Monday"":[""8 AM–4:30 PM""],""Saturday"":[""Closed""],""Sunday"":[""Closed""],""Thursday"":[""8 AM–4:30 PM""],""Tuesday"":[""8 AM–4:30 PM""],""Wednesday"":[""8 AM–4:30 PM""]}",{},http://www.elipack.com/,+357 25 020333,"PX35+JM Ypsonas, Cyprus",32,4.700000,"{""1"":2,""2"":1,""3"":0,""4"":0,""5"":29}",34.704049,32.959168,10283510294410334697,,,,https://lh3.googleusercontent.com/grass-cs/ACvplmNKPsHUqRHBn2VPtU1jZuI8lJF733SyrnmAOuYI4MjcT35zf7rCKNA4WYTeNY2ogp9GpdmtKNtGzvbKyEDOhanvljWYvjBM5dU7AZB0S0stcrad2vck8yRM-GDP8rz84I4ipSkg=w408-h306-k-no,Asia/Nicosia,,0x14e7337e626316f9:0x8eb65e20de6691e9,,ChIJ-RZjYn4z5xQR6ZFm3iBeto4,[],null,null,"{""link"":"""",""source"":""""}","{""id"":""110658651344845849421"",""name"":""Elipack 'The Packaging Specialists' (Offices and Warehouse) (Owner)"",""link"":""https://www.google.com/maps/contrib/110658651344845849421""}","{""borough"":"""",""street"":""Anexartisias 14"",""city"":""Ypsonas"",""postal_code"":""4180"",""state"":""Limassol"",""country"":""CY""}",,"[{""id"":""accessibility"",""name"":""Accessibility"",""options"":[{""name"":""Wheelchair accessible entrance"",""enabled"":true},{""name"":""Wheelchair accessible parking lot"",""enabled"":true}]}]","[{""Name"":""Naphanya"",""ProfilePicture"":""https://lh3.googleusercontent.com/a-/ALV-UjXsNDPV06SJmkWv6L2ZugaunZgD3SQfuD9AVviGA-ZY-nl6UUY=s120-c-rp-mo-ba12-br100"",""Rating"":1,""Description"":""Expensive (x2 from EU market), low stock, still waiting bulk offer (2 weeks)\nUpdated: they sent an offer after one month, and blamed supplier for delay - pathetic.\nNo comments."",""Images"":[""https://lh3.googleusercontent.com/grass-cs/ACvplmOXl26ghFgVZva25LcwoeG3iGvNdoCdaaPemTOPU5gnrig5aYYuam8iuqfsAkr3vP_TQ3hVm8iGOTyup3IfroWMV-NSE69SDO-HuWBpY1MrxCRjDbgEeHi1SU-b-o5Cg9qtZ8fY85G5y1AD=k-no""],""When"":""Edited a month ago"",""review_id"":""Ci9DQUlRQUNvZENodHljRjlvT2pkUFZrOTBVRTh4UTFCNU1IaHBhRXRmTjJRNVFrRRAB"",""source"":""Google"",""rating_scale"":5,""rating_float"":1,""author_url"":""https://www.google.com/maps/contrib/107995849205617852776/reviews?hl=en"",""posted_at_unix_micros"":1784113771468231,""updated_at_unix_micros"":1785267027589427,""language"":""en"",""translated_lang"":"""",""text_original"":""Expensive (x2 from EU market), low stock, still waiting bulk offer (2 weeks)\nUpdated: they sent an offer after one month, and blamed supplier for delay - pathetic.\nNo comments."",""text_translated"":"""",""reply_text_original"":""Thank you for your feedback.\n\nWe are sorry to hear that your experience did not meet your expectations. ELIPACK has been serving customers for over 35 years, and we strive to offer competitive pricing, quality products, and professional service.\n\nAs for your bulk quotation, we would like to investigate your request, as this is not the level of service we aim to provide.\n\nPlease send us an email at info@elipack.com with your contact details and the quotation request so that we can review the matter and respond promptly.\n\nThank you, and we look forward to resolving this for you."",""reply_language"":""en"",""reply_posted_at_unix_micros"":1784126395000000,""reply_updated_at_unix_micros"":1784126395000000,""published_at"":""2026-07-15T11:09:31.468231Z""},{""Name"":""Nikolas Uk"",""ProfilePicture"":""https://lh3.googleusercontent.com/a-/ALV-UjVc_yF5Q6458xXUdiUsYnvPDghsyOWnv0yNXUpwOhHDDgRnrRs=s120-c-rp-mo-br100"",""Rating"":5,""Description"":""Excellent shop! I had to preorder my products, but they were ready the very next day. The lady at the reception was very helpful and polite. My experience with them was great — highly recommended!"",""Images"":null,""When"":""11 months ago"",""review_id"":""Ci9DQUlRQUNvZENodHljRjlvT21WUFQwOWZjWGhKUkRsR2FuZFBTbnBtUm5oWFQzYxAB"",""source"":""Google"",""rating_scale"":5,""rating_float"":5,""author_url"":""https://www.google.com/maps/contrib/105559686747097517509/reviews?hl=en"",""posted_at_unix_micros"":1759841940016007,""updated_at_unix_micros"":1759841940016007,""language"":""en"",""translated_lang"":"""",""text_original"":""Excellent shop! I had to preorder my products, but they were ready the very next day. The lady at the reception was very helpful and polite. My experience with them was great — highly recommended!"",""text_translated"":"""",""reply_text_original"":""Thank you for your 5star review. Our utmost goal is to keep our customers happy!!!"",""reply_language"":""en"",""reply_posted_at_unix_micros"":1759849216000000,""reply_updated_at_unix_micros"":1759849216000000,""published_at"":""2025-10-07T12:59:00.016007Z""},{""Name"":""Denos Vasileiou"",""ProfilePicture"":""https://lh3.googleusercontent.com/a/ACg8ocK6aW8KaBaSMtQazakhZiK5WLqXmgd6LMEWeet2tGFQlYQ73w=s120-c-rp-mo-br100"",""Rating"":5,""Description"":""Excellent service, professionalism and high quality equipment. Pampinos is very timely and consistent and is joy to work with. Highly recommended."",""Images"":null,""When"":""11 months ago"",""review_id"":""Ci9DQUlRQUNvZENodHljRjlvT2xRM1pGTkdSRTlHVW1VeVZEQk9kbVZaWVdZd05uYxAB"",""source"":""Google"",""rating_scale"":5,""rating_float"":5,""author_url"":""https://www.google.com/maps/contrib/104804394192880203189/reviews?hl=en"",""posted_at_unix_micros"":1760854934036332,""updated_at_unix_micros"":1760854934036332,""language"":""en"",""translated_lang"":"""",""text_original"":""Excellent service, professionalism and high quality equipment. Pampinos is very timely and consistent and is joy to work with. Highly recommended."",""text_translated"":"""",""reply_text_original"":""Thank you for your 5star review. Our utmost goal is to keep our customers happy!"",""reply_language"":""en"",""reply_posted_at_unix_micros"":1760938877000000,""reply_updated_at_unix_micros"":1760938877000000,""published_at"":""2025-10-19T06:22:14.036332Z""},{""Name"":""Chris Athanasi"",""ProfilePicture"":""https://lh3.googleusercontent.com/a/ACg8ocKaFDfbdt9uITktuKeTqWXiCxuaO3zB6DKxO_QAq7N_ALwhyg=s120-c-rp-mo-br100"",""Rating"":5,""Description"":""Excellent service,  a large quantity of goods to select from."",""Images"":null,""When"":""4 months ago"",""review_id"":""Ci9DQUlRQUNvZENodHljRjlvT2w5UU5UTkdjWFI2U21sMk9GRkxUalY1Tm5wWmVGRRAB"",""source"":""Google"",""rating_scale"":5,""rating_float"":5,""author_url"":""https://www.google.com/maps/contrib/105104529934421474297/reviews?hl=en"",""posted_at_unix_micros"":1776861991817904,""updated_at_unix_micros"":1776861991817904,""language"":""en"",""translated_lang"":"""",""text_original"":""Excellent service,  a large quantity of goods to select from."",""text_translated"":"""",""reply_text_original"":""Thank you for your 5star review. Our utmost goal is to keep our customers happy!!!"",""reply_language"":""en"",""reply_posted_at_unix_micros"":1776869245000000,""reply_updated_at_unix_micros"":1776869245000000,""published_at"":""2026-04-22T12:46:31.817904Z""},{""Name"":""Raymond Henry Clynick"",""ProfilePicture"":""https://lh3.googleusercontent.com/a-/ALV-UjXOaPfXmZnraZ9dr4M9gei4FGAE0sRNqyHorD_FYwW9WqgcyuF7Bw=s120-c-rp-mo-ba12-br100"",""Rating"":5,""Description"":""Fantastic one stop shop for all your packaging needs!! Elicos and Pambinos make you feel welcomed and valued beyond being a customer.\n\nWe are in the Spirits industry and we can rely on them for bottles, to closures right through to bottling equipment and casks!\n\nWonderful family owned business and I can't thank them enough for all their help and support. They have pulled magic out of the preverbial hat when needed"",""Images"":null,""When"":""a year ago"",""review_id"":""Ci9DQUlRQUNvZENodHljRjlvT2tsSWJqRlNla3BPTmtvemJIVTBVRmhzTlZCTFZsRRAB"",""source"":""Google"",""rating_scale"":5,""rating_float"":5,""author_url"":""https://www.google.com/maps/contrib/116371602219057108526/reviews?hl=en"",""posted_at_unix_micros"":1749908640205846,""updated_at_unix_micros"":1749908640205846,""language"":""en"",""translated_lang"":"""",""text_original"":""Fantastic one stop shop for all your packaging needs!! Elicos and Pambinos make you feel welcomed and valued beyond being a customer.\n\nWe are in the Spirits industry and we can rely on them for bottles, to closures right through to bottling equipment and casks!\n\nWonderful family owned business and I can't thank them enough for all their help and support. They have pulled magic out of the preverbial hat when needed"",""text_translated"":"""",""reply_text_original"":""Thank you for your 5star review. Our utmost goal is to keep our customers happy!!!"",""reply_language"":""en"",""reply_posted_at_unix_micros"":1749909616000000,""reply_updated_at_unix_micros"":1749909616000000,""published_at"":""2025-06-14T13:44:00.205846Z""}]",null,,,,not disclosed,Target bag ~20×17×10 cm — ask for mailer/rigid box ~22×19×12 cm (or custom die-cut) with bulk MOQ.,medium
